timestamp,formatted_date,market_id,market_name,yes_bid_open,yes_bid_low,yes_bid_high,yes_bid_close,yes_ask_open,yes_ask_low,yes_ask_high,yes_ask_close,price_open,price_low,price_high,price_close,price_mean,volume,open_interest
2024-10-31T12:58:00.000Z,October 31, 2024,957a7034-c4f1-465c-a45a-fca72ed68ad3,81° or below,5,5,5,5,9,9,9,9,5,5,5,5,5,4,982
2024-10-31T12:58:00.000Z,October 31, 2024,9754680f-5e34-4073-9317-f9846405d704,82° to 83°,7,7,7,7,17,17,17,17,7,7,7,7,7,4,3076
2024-10-31T13:01:00.000Z,October 31, 2024,0f8670ea-5c30-4137-83c6-3f3979e1a5ad,84° to 85°,25,25,28,28,33,33,33,33,,,,,,0,2054
2024-10-31T12:58:00.000Z,October 31, 2024,cd3ddf78-d96f-4127-ae90-85175406d4f4,86° to 87°,47,47,47,47,50,50,50,50,47,47,47,47,47,4,1824
2024-10-31T13:01:00.000Z,October 31, 2024,9a9787a4-4917-4daa-b500-fe0ea6369715,88° to 89°,14,14,14,14,21,18,21,18,,,,,,0,2452
2024-10-31T12:33:00.000Z,October 31, 2024,0230c294-52dc-4ae0-8bba-1506e70dd122,90° or above,0,0,0,0,5,4,5,4,,,,,,0,1206
2024-11-01T12:58:00.000Z,November 01, 2024,2e12ac23-aefd-4fd1-916c-87f169690578,80° or below,6,5,6,5,13,13,13,13,,,,,,0,1086
2024-11-01T13:03:00.000Z,November 01, 2024,202ed98b-4dfb-48f4-8d37-dba91aea133d,81° to 82°,33,31,33,32,40,39,40,39,,,,,,0,756
2024-11-01T13:01:00.000Z,November 01, 2024,fb2ea741-dd4c-4587-be5d-9dc54745528d,83° to 84°,46,46,46,46,55,55,56,56,,,,,,0,3170
2024-11-01T13:00:00.000Z,November 01, 2024,3c0ef95f-d48d-45e8-adfc-c721a9b4e90d,85° to 86°,8,8,8,8,13,13,16,16,,,,,,0,3170
2024-11-01T13:04:00.000Z,November 01, 2024,fb48701d-58f8-4eee-bbe5-24c2390e027e,87° to 88°,0,0,2,2,1,1,61,60,1,1,1,1,1,2,198
2024-11-02T11:01:00.000Z,November 02, 2024,41d80b9f-645c-46c9-9dfe-6c0751bdec98,89° or above,0,0,0,0,1,1,1,1,,,,,,0,1144
2024-11-02T12:59:00.000Z,November 02, 2024,dd62f99c-004e-4c27-a7aa-effb6138e17d,79° or below,5,4,5,4,15,15,15,15,5,4,5,4,4,32,742
2024-11-02T13:01:00.000Z,November 02, 2024,d1fd0332-9f8b-4254-a4c0-52f3ce2d5024,80° to 81°,19,19,20,20,26,25,26,25,,,,,,0,1422
2024-11-02T13:01:00.000Z,November 02, 2024,9a652bf1-32a7-4da9-9a53-2536ca3c499a,82° to 83°,49,49,50,50,58,57,58,57,,,,,,0,2850
2024-11-02T13:00:00.000Z,November 02, 2024,f917fdba-100f-484f-993f-e8cda55b52f8,84° to 85°,18,17,18,17,22,22,22,22,,,,,,0,3062
2024-11-02T13:00:00.000Z,November 02, 2024,1dd5ebcb-f962-4c25-b0f9-c825d80e8d45,86° to 87°,6,6,6,6,11,11,11,11,6,6,6,6,6,68,1010
2024-11-03T12:01:00.000Z,November 03, 2024,dfd7d3e6-c542-46d6-b08e-6b6de1b44dcd,88° or above,0,0,0,0,1,1,1,1,,,,,,0,918
2024-11-03T13:01:00.000Z,November 03, 2024,23765d3a-2089-4aff-907d-dbcad0f3615e,83° or below,0,0,0,0,87,34,87,34,,,,,,0,20
2024-11-03T13:01:00.000Z,November 03, 2024,5e541b30-16a2-4124-b9b6-ec64be532926,84° to 85°,3,2,3,2,89,3,89,15,3,3,3,3,3,22,48
2024-11-03T13:01:00.000Z,November 03, 2024,246f61e4-4deb-4e37-a649-00751ba9c4fb,86° to 87°,20,12,30,27,50,35,50,35,20,20,20,20,20,22,1584
2024-11-03T13:01:00.000Z,November 03, 2024,d938ab5c-5ff3-4b54-95fb-628bf2c83cf7,88° to 89°,47,36,47,39,61,47,61,47,47,43,47,43,43,20,920
2024-11-03T13:01:00.000Z,November 03, 2024,95d3f9aa-a04c-4c04-926b-833f1dce2840,90° to 91°,21,18,43,18,40,20,96,22,40,21,43,21,36,160,1972
2024-11-03T13:01:00.000Z,November 03, 2024,32fa2feb-e352-4bde-b150-22bba6f867eb,92° or above,1,1,1,1,70,31,70,31,1,1,1,1,1,2,20
2024-11-05T12:01:00.000Z,November 05, 2024,dac1b746-4853-4bf8-b4c4-c9ba64570cdd,79° or below,0,0,0,0,1,1,1,1,,,,,,0,922
2024-11-05T12:01:00.000Z,November 05, 2024,873bd5b8-2ae7-4eb8-9213-14461fafc6ba,80° to 81°,0,0,0,0,1,1,1,1,,,,,,0,1208
2024-11-04T13:05:00.000Z,November 04, 2024,58f0bf55-3698-4657-b04a-7dbe2eee3384,82° to 83°,3,3,3,3,11,11,12,12,,,,,,0,2072
2024-11-04T13:01:00.000Z,November 04, 2024,4b6b0f5a-87be-46d8-ba32-e41f9ab324c8,84° to 85°,31,31,31,31,38,38,38,38,38,38,38,38,38,24,2332
2024-11-04T13:03:00.000Z,November 04, 2024,62bc00b1-2771-41ae-8e0f-fe10d8e0ac15,86° to 87°,37,37,37,37,46,46,46,46,46,46,46,46,46,20,2220
2024-11-04T13:02:00.000Z,November 04, 2024,ed4b4d8b-da09-4195-b31a-0032d1477fc8,88° or above,15,15,15,15,25,24,25,24,,,,,,0,4354
2024-11-05T13:00:00.000Z,November 05, 2024,0227469b-f298-48d1-b294-0d9327034618,68° or below,1,1,1,1,2,2,3,3,2,1,2,1,1,346,568
2024-11-05T13:00:00.000Z,November 05, 2024,c50f92df-7f20-4eee-8969-aef33a250405,69° to 70°,1,1,2,2,2,2,6,6,2,2,2,2,2,46,402
2024-11-05T13:00:00.000Z,November 05, 2024,a169f6b1-e674-4254-bc8b-7b796faafbca,71° to 72°,12,12,12,12,82,80,82,82,12,12,12,12,12,6,348
2024-11-05T13:00:00.000Z,November 05, 2024,75c5f948-d37d-42bb-a197-4d28a5ad06b3,73° to 74°,32,32,33,33,54,52,54,54,54,54,54,54,54,6,396
2024-11-05T13:00:00.000Z,November 05, 2024,a98c32d2-7a70-4c00-b6e6-705f3cd87ad5,75° to 76°,28,28,28,28,36,36,36,36,28,28,28,28,28,6,206
2024-11-05T13:00:00.000Z,November 05, 2024,75337b98-3572-4fb3-8f7f-28db208c4703,77° or above,16,16,16,16,31,29,31,29,16,16,16,16,16,6,1848
2024-11-06T13:00:00.000Z,November 06, 2024,6a954b5c-5364-437c-9c51-6b279bbcf044,73° or below,1,1,1,1,19,19,22,22,,,,,,0,276
2024-11-06T13:01:00.000Z,November 06, 2024,73cdb3d5-4550-45e0-9eda-8a15ec13b297,74° to 75°,10,10,10,10,18,18,18,18,10,10,10,10,10,16,698
2024-11-06T13:00:00.000Z,November 06, 2024,e3924b13-55f0-4180-af27-f51d5815a5d7,76° to 77°,28,28,28,28,38,38,38,38,38,38,38,38,38,40,2362
2024-11-06T13:00:00.000Z,November 06, 2024,aa9489c5-8ff2-4b3d-aeee-c511cd5a7b88,78° to 79°,47,45,47,45,55,55,55,55,55,55,55,55,55,34,2838
2024-11-06T13:01:00.000Z,November 06, 2024,9ffb5e91-7f03-4d51-a1ed-268c5d184bf3,80° to 81°,16,10,16,10,19,16,19,16,16,16,16,16,16,8,2506
2024-11-06T13:00:00.000Z,November 06, 2024,22cf6799-c21c-4084-a38f-7d8951b6fc11,82° or above,1,1,1,1,79,79,81,81,,,,,,0,318
2024-11-07T12:59:00.000Z,November 07, 2024,b6db3031-a828-4d8d-bf17-de731a98e2f5,75° or below,1,1,2,2,10,9,10,9,,,,,,0,504
2024-11-07T12:59:00.000Z,November 07, 2024,366ab937-e2af-4693-95b2-e5cbdb5604a8,76° to 77°,2,2,3,3,22,21,22,21,,,,,,0,716
2024-11-07T12:59:00.000Z,November 07, 2024,7b520d97-f0e7-4a85-ae75-4e85d00d81d1,78° to 79°,19,19,20,20,28,28,28,28,,,,,,0,7570
2024-11-07T12:59:00.000Z,November 07, 2024,bf03f7b4-4bf9-4820-a3ab-589f26887b28,80° to 81°,42,42,43,43,51,51,51,51,,,,,,0,5010
2024-11-07T12:59:00.000Z,November 07, 2024,46832550-0371-414b-a96f-fa69188162ea,82° to 83°,23,23,24,24,35,34,35,34,,,,,,0,4766
2024-11-07T12:59:00.000Z,November 07, 2024,12066231-df7c-4395-911b-158423830ea6,84° or above,4,4,5,5,22,21,22,21,,,,,,0,1020
2024-11-08T13:06:00.000Z,November 08, 2024,efbece78-2d8f-4419-be33-89b46af35e0e,77° to 78°,0,0,0,0,14,14,30,29,,,,,,0,182
2024-11-08T13:41:00.000Z,November 08, 2024,5b475bc7-315f-4303-be86-8843bcf293ca,79° to 80°,0,0,0,0,5,4,5,5,,,,,,0,728
2024-11-08T13:01:00.000Z,November 08, 2024,f5c663c6-f29d-443c-9128-2dff24d0efd7,81° to 82°,3,2,3,2,17,17,18,18,,,,,,0,2308
2024-11-08T13:01:00.000Z,November 08, 2024,e753f940-9585-47d8-800a-36e5cefd86a5,83° to 84°,40,40,40,40,47,45,47,45,,,,,,0,4152
2024-11-08T13:01:00.000Z,November 08, 2024,b08c181f-7663-4f41-b38c-9c9365a59ad6,85° or above,48,48,50,50,56,56,59,59,56,49,57,49,56,516,9742
2024-11-09T13:01:00.000Z,November 09, 2024,f6833659-9bc4-45d0-abc0-974ee25ec17b,70° or below,0,0,0,0,93,34,93,34,,,,,,0,240
2024-11-10T12:01:00.000Z,November 10, 2024,a164c342-e13b-425b-910e-96dd42a2aa7b,71° to 72°,0,0,0,0,1,1,1,1,,,,,,0,3356
2024-11-09T12:29:00.000Z,November 09, 2024,2ddeaf46-13ba-4d72-817e-a14c168d8242,73° to 74°,1,0,1,0,6,6,6,6,1,1,1,1,1,56,1076
2024-11-09T13:01:00.000Z,November 09, 2024,1c176c00-1a38-4041-9d3a-1f914407f6ae,75° to 76°,3,3,3,3,9,9,10,10,10,10,10,10,10,94,5260
2024-11-09T13:01:00.000Z,November 09, 2024,7c777150-a36e-4389-8e47-a7e07998319c,77° to 78°,28,28,28,28,32,32,41,37,32,32,33,33,32,324,4082
2024-11-09T13:00:00.000Z,November 09, 2024,90c385c2-39f0-4a74-a8be-dd84880fb3d3,79° or above,62,62,62,62,73,71,73,71,,,,,,0,10692
2024-11-10T13:04:00.000Z,November 10, 2024,c338e473-3201-41e4-8fd7-e894e6928364,77° or below,0,0,0,0,4,3,4,3,,,,,,0,242
2024-11-10T13:04:00.000Z,November 10, 2024,54561020-a55b-4032-ac8b-2a2b6d9e5b7e,78° to 79°,0,0,0,0,4,3,4,3,,,,,,0,262
2024-11-10T13:01:00.000Z,November 10, 2024,2061c4b5-b435-4027-8315-2025411c684e,80° to 81°,3,3,3,3,18,16,18,17,,,,,,0,4298
2024-11-10T13:01:00.000Z,November 10, 2024,a7caba51-9b1d-4d73-a181-a1709087b3e5,82° to 83°,5,5,5,5,18,16,18,17,,,,,,0,7478
2024-11-10T13:01:00.000Z,November 10, 2024,805b6411-21b7-4d87-859e-4297e55bc8d4,84° to 85°,28,28,32,32,50,44,50,44,,,,,,0,4534
2024-11-10T13:01:00.000Z,November 10, 2024,a7b244e6-fb65-4d46-bb9c-0a03be3dd055,86° or above,53,53,59,59,90,66,90,66,,,,,,0,6956
2024-11-12T12:01:00.000Z,November 12, 2024,6b1079ad-f173-455b-9bd9-838179d222e2,76° or below,0,0,0,0,1,1,1,1,,,,,,0,526
2024-11-11T13:01:00.000Z,November 11, 2024,cc83ba7f-7833-4211-a1c4-900bc7ac8397,77° to 78°,0,0,0,0,10,9,10,9,,,,,,0,268
2024-11-11T13:01:00.000Z,November 11, 2024,0f17ea3f-9275-4df3-97bb-c178104abb37,79° to 80°,0,0,0,0,9,8,9,8,,,,,,0,1372
2024-11-11T13:01:00.000Z,November 11, 2024,63aa0df8-124b-46a3-bd22-dfa531e12c63,81° to 82°,4,4,4,4,12,12,12,12,4,4,4,4,4,342,26028
2024-11-11T13:01:00.000Z,November 11, 2024,ccf62847-25d7-464f-9a7d-3c00b831f2ff,83° to 84°,22,22,30,22,44,29,44,29,30,30,30,30,30,60,8608
2024-11-11T13:01:00.000Z,November 11, 2024,5201ae8b-bcf7-4562-85e6-7d331cc6f5da,85° or above,60,60,69,69,73,72,73,73,73,73,73,73,73,146,10214
2024-11-12T15:45:00.000Z,November 12, 2024,d764c6b4-188c-4a3d-a583-a79481f7211e,79° or below,0,0,0,0,1,1,15,14,1,1,15,15,12,46,286
2024-11-12T13:01:00.000Z,November 12, 2024,10c5a08e-7a64-44ff-b036-b49dd331d295,80° to 81°,5,1,5,1,8,5,8,5,5,1,5,1,2,470,4044
2024-11-12T13:01:00.000Z,November 12, 2024,e8b51ce6-8b4a-4f87-948a-147c59afde7c,82° to 83°,30,13,30,18,55,23,55,54,30,23,30,23,29,2060,6642
2024-11-12T13:01:00.000Z,November 12, 2024,c870fc2a-de8a-45f4-ae5e-5da0d246d5a0,84° to 85°,55,48,56,48,90,55,90,55,56,55,56,55,55,374,5906
2024-11-12T13:01:00.000Z,November 12, 2024,ea00048f-a691-48ca-901d-0a90bc2e2ad1,86° to 87°,3,3,19,16,7,7,20,20,7,7,19,18,17,606,4558
2024-11-12T13:01:00.000Z,November 12, 2024,b9705bb8-edec-4734-88a7-dc13ad068bdb,88° or above,1,1,1,1,2,2,2,2,1,1,1,1,1,484,5476
2024-11-13T13:09:00.000Z,November 13, 2024,43b47365-b17c-4ec8-a141-cb781786d7a5,81° to 82°,0,0,0,0,5,5,6,6,,,,,,0,1014
2024-11-13T13:01:00.000Z,November 13, 2024,b0b6f436-5e6d-418a-a83d-0557e7a22e22,83° to 84°,20,20,20,20,27,24,27,24,24,24,24,24,24,118,10814
2024-11-13T13:01:00.000Z,November 13, 2024,39ff7315-25ae-4fac-b3ba-835ff8c2c425,85° to 86°,50,50,52,52,60,59,60,59,,,,,,0,5466
2024-11-13T13:01:00.000Z,November 13, 2024,9852b05b-30cb-43b7-b9a0-daad267ea5ce,87° to 88°,15,15,16,16,25,22,25,22,,,,,,0,7442
2024-11-13T13:01:00.000Z,November 13, 2024,9753776a-e8ff-43a6-a992-a3fdc876cd74,89° or above,6,6,6,6,12,9,12,9,,,,,,0,7694
2024-11-14T13:20:00.000Z,November 14, 2024,16d19c9b-7cb1-40ab-95cb-54f02e37fb98,72° to 73°,0,0,0,0,2,2,2,2,2,2,2,2,2,100,888
2024-11-14T13:01:00.000Z,November 14, 2024,8986a2d9-9c93-467f-9632-70324a269f4e,74° to 75°,3,3,3,3,4,4,19,6,4,4,19,19,9,178,3976
2024-11-14T13:01:00.000Z,November 14, 2024,6def2033-2ad5-4b44-bad2-7a926d101e10,76° to 77°,40,40,40,40,47,41,47,41,40,40,40,40,40,200,8340
2024-11-14T13:01:00.000Z,November 14, 2024,c4b0f9ba-aea5-442d-8e9f-fb26a70ebd15,78° to 79°,43,43,46,46,50,50,50,50,,,,,,0,7286
2024-11-14T13:02:00.000Z,November 14, 2024,80f1c646-a907-4ec3-b233-65fbea4bb972,80° or above,9,9,9,9,11,11,11,11,9,9,9,9,9,14,8844
2024-11-16T12:01:00.000Z,November 16, 2024,825b34c6-1d24-4347-9d3c-4771c8d6a911,72° or below,0,0,0,0,1,1,1,1,,,,,,0,14764
2024-11-15T13:05:00.000Z,November 15, 2024,741bb224-90ba-41d4-8765-880d835282b2,73° to 74°,1,1,1,1,5,5,5,5,1,1,1,1,1,100,3006
2024-11-15T13:01:00.000Z,November 15, 2024,717d6721-7ae2-487b-9843-1224999798b7,75° to 76°,28,28,39,36,32,32,40,40,32,32,40,36,35,746,17440
2024-11-15T13:00:00.000Z,November 15, 2024,22e17833-3592-4c73-b6d7-e95dc9e7d499,77° to 78°,50,37,50,37,65,65,65,65,,,,,,0,7140
2024-11-15T13:00:00.000Z,November 15, 2024,bf9b3abc-4aa7-4bb1-8837-d4406a131072,79° to 80°,7,7,7,7,25,25,28,28,,,,,,0,4382
2024-11-15T13:01:00.000Z,November 15, 2024,d3e1ac25-4bc6-4897-b7e5-589f09f9066d,81° or above,2,2,2,2,8,7,8,7,,,,,,0,3330
2024-11-16T13:01:00.000Z,November 16, 2024,bd7a5ae4-5707-4ada-a542-5edb41f434c2,75° or below,0,0,0,0,13,7,13,8,,,,,,0,540
2024-11-16T13:01:00.000Z,November 16, 2024,5887477c-5867-4ee5-938c-f1fc2fb5613a,76° to 77°,0,0,0,0,13,7,13,8,,,,,,0,1442
2024-11-16T13:01:00.000Z,November 16, 2024,a70e8008-7b53-4a64-adc1-455bccb4c8ad,78° to 79°,7,7,7,7,12,11,12,12,,,,,,0,3650
2024-11-16T13:01:00.000Z,November 16, 2024,fc5b59a1-db7e-47e0-91c2-3875cfb2687a,80° to 81°,50,50,59,59,65,64,65,65,,,,,,0,4520
2024-11-16T13:01:00.000Z,November 16, 2024,6a30c0f9-40d2-43d4-a7fc-80c9704d7b9c,82° to 83°,30,29,30,29,50,30,50,30,30,30,30,30,30,70,9082
2024-11-16T13:01:00.000Z,November 16, 2024,c72eac7a-b2fe-4aab-871d-2445d91b1210,84° or above,7,7,7,7,19,8,19,8,,,,,,0,7086
2024-11-17T13:01:00.000Z,November 17, 2024,6a17c652-e162-42da-b583-a6e0e23a4680,79° or below,1,1,1,1,2,2,2,2,1,1,1,1,1,356,5116
2024-11-17T13:10:00.000Z,November 17, 2024,c7a40fad-c7f3-4d91-924b-dbaa40dcc854,80° to 81°,0,0,0,0,2,2,2,2,2,2,2,2,2,92,2560
2024-11-17T13:01:00.000Z,November 17, 2024,5b30cd72-f5c7-4985-b405-e75aa5fc6bcb,82° to 83°,4,4,6,6,7,7,7,7,4,4,4,4,4,356,12066
2024-11-17T13:01:00.000Z,November 17, 2024,a0dd062c-5906-43aa-954d-b76f74151586,84° to 85°,61,48,63,61,71,71,71,71,61,49,61,49,53,1324,17830
2024-11-17T13:01:00.000Z,November 17, 2024,3314c929-e4d4-4e8f-b706-69da5ffc7bff,86° to 87°,26,20,45,20,50,24,50,27,45,26,45,26,32,984,10550
2024-11-17T13:01:00.000Z,November 17, 2024,12e73011-a79c-476b-9d8c-0fe8280891f8,88° or above,3,3,3,3,8,5,65,5,3,3,64,64,6,914,18186
2024-11-18T13:01:00.000Z,November 18, 2024,69553581-7e34-4ffe-9fc9-d45fc12b70e3,74° or below,0,0,0,0,1,1,1,1,1,1,1,1,1,186,14826
2024-11-18T13:01:00.000Z,November 18, 2024,6106aaf8-e8a9-482e-922b-a728d2d305a2,75° to 76°,2,2,2,2,6,6,6,6,6,6,6,6,6,156,8416
2024-11-18T13:01:00.000Z,November 18, 2024,2b65a188-c891-4f17-bb15-3e249174caf5,77° to 78°,16,16,17,17,20,20,20,20,,,,,,0,8398
2024-11-18T13:01:00.000Z,November 18, 2024,b4bfd159-de84-4bc3-97e9-ff4d5bc5e14a,79° to 80°,52,52,55,55,65,61,65,61,,,,,,0,8094
2024-11-18T13:01:00.000Z,November 18, 2024,44c6b5c2-624d-4719-922a-8c89c2de661f,81° to 82°,11,11,18,18,34,24,34,24,,,,,,0,9094
2024-11-18T13:03:00.000Z,November 18, 2024,0c5fdcc7-0dc9-48a5-9c29-b68cec2b253f,83° or above,1,1,2,2,3,3,3,3,,,,,,0,23450
2024-11-19T13:01:00.000Z,November 19, 2024,8ab975f7-30ce-44d9-a167-b8b09dfa691b,76° or below,0,0,0,0,6,5,6,6,,,,,,0,2822
2024-11-19T13:01:00.000Z,November 19, 2024,b512af0d-14b1-4e80-9651-5189aa6d6187,77° to 78°,1,1,1,1,5,4,5,5,1,1,1,1,1,12,2454
2024-11-19T13:01:00.000Z,November 19, 2024,c2f6a80d-abd4-4b38-98c0-013eb3717683,79° to 80°,5,5,13,11,9,8,18,17,8,8,13,12,10,904,6164
2024-11-19T13:01:00.000Z,November 19, 2024,e5903ea0-cf2c-48ba-94df-95b7db4248fb,81° to 82°,40,35,40,35,53,44,53,47,46,39,47,47,46,1612,10706
2024-11-19T13:01:00.000Z,November 19, 2024,6782a19c-94c9-46a7-993d-231de35b1f47,83° to 84°,40,30,45,30,49,31,49,31,45,30,45,30,36,2012,9200
2024-11-19T13:01:00.000Z,November 19, 2024,79eff010-f81d-40b9-ae94-3086a3981d3a,85° or above,10,6,10,6,20,9,20,9,10,6,10,6,9,412,8324
2024-11-21T12:57:00.000Z,November 21, 2024,d86be951-f8b4-45a7-ad29-0277313ead1f,64° or below,0,0,0,0,1,1,1,1,,,,,,0,20516
2024-11-20T13:01:00.000Z,November 20, 2024,c5cfc23c-ea94-4d3a-beb9-d50d17861a3e,65° to 66°,0,0,0,0,7,6,7,6,,,,,,0,11486
2024-11-20T13:01:00.000Z,November 20, 2024,8527c8e3-4016-4fc0-bc72-80ff3791afee,67° to 68°,14,14,28,27,23,23,32,32,23,23,23,23,23,102,10324
2024-11-20T13:01:00.000Z,November 20, 2024,65007ba2-a28c-47c8-8d37-39deb77d058b,69° to 70°,35,35,47,47,60,53,60,53,,,,,,0,5242
2024-11-20T13:01:00.000Z,November 20, 2024,6ca23cca-c215-481d-b33b-8328ec32783b,71° to 72°,15,15,15,15,40,19,40,19,,,,,,0,4786
2024-11-20T13:01:00.000Z,November 20, 2024,17cb8441-5f66-4d51-ba0c-b305d3e94ad5,73° or above,4,4,5,5,9,8,9,8,,,,,,0,4074
2024-11-21T13:02:00.000Z,November 21, 2024,63982e9e-74b9-47aa-9b34-c8bfd44b1dab,68° or below,0,0,0,0,6,5,6,5,,,,,,0,444
2024-11-21T13:02:00.000Z,November 21, 2024,3595617f-df05-4e01-8426-600016f8a1b1,69° to 70°,0,0,0,0,6,5,6,5,,,,,,0,7392
2024-11-21T13:01:00.000Z,November 21, 2024,e42e4bbc-cc51-45ba-999a-da41588861c1,71° to 72°,23,23,23,23,32,31,32,31,,,,,,0,11276
2024-11-21T13:01:00.000Z,November 21, 2024,6a41a940-402b-4f4e-9ebb-66fe5dc648b8,73° to 74°,40,40,45,45,49,49,49,49,,,,,,0,7018
2024-11-21T13:01:00.000Z,November 21, 2024,ae2537f8-9aee-4a62-872c-6d81792ad614,75° to 76°,25,25,25,25,33,32,33,32,25,25,25,25,25,26,5012
2024-11-21T13:04:00.000Z,November 21, 2024,4ece397c-1b71-44eb-8052-6798e87b2f0a,77° or above,4,4,4,4,7,7,7,7,4,4,4,4,4,8,2022
2024-11-23T12:01:00.000Z,November 23, 2024,4b9c692b-6061-4019-bb40-7ff4a4293e37,69° or below,0,0,0,0,1,1,1,1,,,,,,0,592
2024-11-22T13:02:00.000Z,November 22, 2024,56fd88ac-1acd-4e09-affa-17ea26a10094,70° to 71°,0,0,0,0,5,4,5,4,,,,,,0,1296
2024-11-22T13:01:00.000Z,November 22, 2024,25f3623f-7961-49a5-9861-a78e6834d55a,72° to 73°,4,4,4,4,17,12,17,12,,,,,,0,17686
2024-11-22T13:01:00.000Z,November 22, 2024,9b294585-dab5-4a73-892e-9097ed8c3bd1,74° to 75°,31,31,37,37,65,43,65,44,43,43,44,44,43,290,12586
2024-11-22T13:01:00.000Z,November 22, 2024,3b25d72b-3998-4867-b1fc-085fb2e8a7d3,76° to 77°,31,31,38,37,62,43,65,44,62,62,65,65,64,302,6662
2024-11-22T13:01:00.000Z,November 22, 2024,8c2f3dd3-2e14-49aa-a3ec-9f4b97086153,78° or above,6,6,10,10,64,14,64,14,,,,,,0,8014
2024-11-23T13:01:00.000Z,November 23, 2024,2ddf0590-a271-406e-bde8-fa3504041984,74° to 75°,2,2,3,2,8,7,8,7,2,2,2,2,2,60,5110
2024-11-23T13:01:00.000Z,November 23, 2024,bae1ebb7-8865-4c76-9f03-8350670f67ff,76° to 77°,15,15,18,15,25,23,30,23,25,15,30,15,24,552,10594
2024-11-23T13:01:00.000Z,November 23, 2024,721207a9-9cbc-458a-8eb4-3b969729136e,78° to 79°,33,33,39,36,57,45,57,48,48,48,48,48,48,60,3200
2024-11-23T13:01:00.000Z,November 23, 2024,077bced8-12bf-4b7b-a39f-2f49ed7bc570,80° to 81°,32,32,32,32,42,33,42,36,32,32,32,32,32,1992,12580
2024-11-23T13:01:00.000Z,November 23, 2024,eb6b5b39-9d71-40d2-b1a1-2d159948cc89,82° or above,6,6,6,6,12,9,12,11,9,6,10,6,9,740,8968
2024-11-25T12:02:00.000Z,November 25, 2024,4bc49eff-e132-4b4e-aec3-2133cf730458,78° or below,0,0,0,0,1,1,1,1,,,,,,0,1670
2024-11-24T13:02:00.000Z,November 24, 2024,0b63ff9a-0cdb-4075-9cef-3c716f73264b,79° to 80°,4,3,4,3,7,7,7,7,4,4,4,4,4,198,3836
2024-11-24T13:01:00.000Z,November 24, 2024,94ef8146-37a0-4e04-98b4-3890efc2cfae,81° to 82°,15,15,24,23,24,24,25,25,24,24,24,24,24,10,7690
2024-11-24T13:01:00.000Z,November 24, 2024,4d4edd1f-88d2-490d-b510-03f82263898f,83° to 84°,46,46,46,46,52,48,52,49,,,,,,0,6338
2024-11-24T13:01:00.000Z,November 24, 2024,de8055da-556b-4623-a1c2-30fbb90deac2,85° to 86°,26,25,26,25,37,26,37,28,26,26,26,26,26,900,9048
2024-11-24T13:01:00.000Z,November 24, 2024,6d28f929-4a91-4595-a1e0-6f8020c5395e,87° or above,3,3,3,3,8,7,8,7,,,,,,0,2328
2024-11-25T13:01:00.000Z,November 25, 2024,5424756b-1679-4859-b50b-f97bad0b82a7,80° or below,3,3,32,24,20,19,65,33,19,19,31,27,28,600,8720
2024-11-25T13:01:00.000Z,November 25, 2024,750caa24-29bb-4f2c-91c2-340fe894e6d0,81° to 82°,25,25,30,25,34,33,45,34,26,25,38,38,31,980,14778
2024-11-25T13:01:00.000Z,November 25, 2024,6bdbee8a-0627-4ba6-b9a3-9efcb5cdc2fa,83° to 84°,38,38,39,38,65,39,65,39,39,38,39,38,38,2884,8836
2024-11-25T13:01:00.000Z,November 25, 2024,cb2a7a3c-a9a2-401e-9bd5-33980f4093b2,85° to 86°,16,3,17,3,30,12,30,16,17,16,17,16,16,2874,11424
2024-11-25T13:01:00.000Z,November 25, 2024,c15f0825-7152-431d-944c-5bfd1f498947,87° to 88°,2,2,2,2,21,6,21,8,2,2,2,2,2,4884,16270
2024-11-25T13:02:00.000Z,November 25, 2024,5f1aa24b-9283-476b-b8d8-2bafaaebbf42,89° or above,0,0,0,0,2,1,2,2,,,,,,0,3928
2024-11-26T13:01:00.000Z,November 26, 2024,a3ddd86c-f060-4c3a-8dba-482955903a42,64° or below,0,0,0,0,5,4,5,5,,,,,,0,1644
2024-11-26T13:01:00.000Z,November 26, 2024,e9a01bf5-4586-4fcc-b449-1d0f741a977c,65° to 66°,6,6,13,10,19,15,19,18,,,,,,0,3762
2024-11-26T13:01:00.000Z,November 26, 2024,04bbbdd0-688b-44cb-b69c-9df1101e2562,67° to 68°,29,29,42,41,43,42,43,43,42,42,43,43,42,200,6548
2024-11-26T13:01:00.000Z,November 26, 2024,97c82cf4-386b-471e-bd06-36b0549e2e9a,69° to 70°,34,34,34,34,37,35,38,37,37,34,38,38,35,2476,8304
2024-11-26T13:01:00.000Z,November 26, 2024,f84e8ebd-51ef-4f70-af37-702682bc17ae,71° to 72°,13,13,14,13,27,14,27,14,14,13,14,13,13,400,7662
2024-11-26T13:01:00.000Z,November 26, 2024,4c8110be-e01c-4c7e-88d3-92e0aff2247f,73° or above,3,1,3,1,15,2,15,2,3,1,3,1,1,7266,11968
2024-11-27T13:01:00.000Z,November 27, 2024,0e56d7f7-8fb6-45a7-a363-b1767dfb6c52,78° to 79°,7,7,8,8,22,10,22,10,,,,,,0,5358
2024-11-27T13:01:00.000Z,November 27, 2024,d2718e05-4cf7-4a99-945c-bdebc9976ab9,80° to 81°,20,20,22,22,26,25,34,29,25,25,34,28,26,1424,6390
2024-11-27T13:01:00.000Z,November 27, 2024,f0a2034b-a3c4-4a3a-895a-3e8560a929e7,82° to 83°,47,47,52,49,61,56,61,56,,,,,,0,4922
2024-11-27T13:01:00.000Z,November 27, 2024,c0b33782-4fd1-43c9-8078-b9449e1343e0,84° to 85°,11,11,12,12,26,17,26,17,17,17,17,17,17,54,5356
2024-11-27T13:02:00.000Z,November 27, 2024,09a9cd24-b46e-46da-a183-90b3bb4ab273,86° or above,2,1,2,1,5,4,5,4,5,1,5,1,1,7112,10582
2024-11-28T13:01:00.000Z,November 28, 2024,40947487-abe2-4aae-ae71-027804c9f6db,58° to 59°,0,0,0,0,1,1,1,1,1,1,1,1,1,3738,19526
2024-11-28T13:01:00.000Z,November 28, 2024,2a3d2bbf-362f-4d05-b56b-30632ba9c8c1,60° to 61°,0,0,0,0,1,1,1,1,1,1,1,1,1,3738,36298
2024-11-28T13:01:00.000Z,November 28, 2024,eb9e9fa5-2911-4ef5-8cf8-bb4acd9f2314,62° to 63°,86,86,87,86,96,96,96,96,87,87,87,87,87,42,19668
2024-11-28T13:01:00.000Z,November 28, 2024,b9194d46-5824-47d4-ada7-27d663c9181a,64° to 65°,2,2,2,2,15,13,15,13,,,,,,0,25134
2024-11-28T13:02:00.000Z,November 28, 2024,b5597dc7-c63d-4aac-bdd9-381166ecdcfc,66° or above,0,0,0,0,1,1,3,3,,,,,,0,40432
2024-11-29T13:01:00.000Z,November 29, 2024,4112b0ef-6de9-4c94-a097-eaf898c300d9,57° or below,3,3,3,3,65,7,65,7,,,,,,0,4262
2024-11-29T13:01:00.000Z,November 29, 2024,af4d8d12-ae0d-4e42-a300-cb368096260f,58° to 59°,13,13,16,16,24,20,24,20,,,,,,0,8666
2024-11-29T13:01:00.000Z,November 29, 2024,b0a320a5-bcd4-446d-b18c-30458bdc1728,60° to 61°,45,45,49,49,61,55,61,55,55,55,55,55,55,30,5214
2024-11-29T13:01:00.000Z,November 29, 2024,c5239cab-c85e-4f5d-9e91-286d37634d67,62° to 63°,22,22,23,22,30,28,30,28,30,30,30,30,30,1014,6944
2024-11-29T13:01:00.000Z,November 29, 2024,ec67bc7a-9b6b-4bfa-80ca-e3fbdaca8609,64° to 65°,2,2,3,2,60,6,60,6,,,,,,0,2270
2024-11-29T13:01:00.000Z,November 29, 2024,dfb95aa9-0d0e-439b-85fb-b01ddca1013e,66° or above,1,1,1,1,65,6,65,6,,,,,,0,1440
2024-11-30T13:01:00.000Z,November 30, 2024,4ac2633a-8a25-4165-a319-36934a380d54,61° to 62°,2,2,3,3,21,5,21,5,,,,,,0,3404
2024-11-30T13:01:00.000Z,November 30, 2024,0a7216fd-f7ee-42b6-abd6-ecf1380e8a29,63° to 64°,13,9,13,9,17,15,17,15,9,9,9,9,9,218,4282
2024-11-30T13:01:00.000Z,November 30, 2024,926a1ad3-f41b-49a1-930d-ad9e3145b9fc,65° to 66°,49,49,49,49,56,51,56,51,,,,,,0,6984
2024-11-30T13:01:00.000Z,November 30, 2024,41bd92e4-2ea0-44e9-8355-04e1a04369e9,67° to 68°,20,20,32,31,37,37,37,37,31,31,31,31,31,992,13674
2024-11-30T13:01:00.000Z,November 30, 2024,037d6805-389a-423b-840e-6df079941177,69° or above,5,5,5,5,30,10,30,10,,,,,,0,9742
2024-12-02T12:01:00.000Z,December 02, 2024,e9b62f02-e3ff-4e49-a3fb-6ac00502a6fc,63° or below,0,0,0,0,1,1,1,1,,,,,,0,1360
2024-12-01T13:01:00.000Z,December 01, 2024,404e9dc7-aefe-4f6f-9388-22d14017abe1,66° to 67°,1,1,1,1,10,5,10,6,1,1,1,1,1,350,3428
2024-12-01T13:01:00.000Z,December 01, 2024,5521eae1-8935-4dc0-913b-763d3a854a1f,68° to 69°,39,39,45,40,43,42,58,43,42,42,58,58,43,1150,11888
2024-12-01T13:01:00.000Z,December 01, 2024,9904d289-73bd-4aa0-ae2f-6881f042f3c4,70° to 71°,39,39,45,41,43,40,55,48,43,39,45,41,41,1544,4650
2024-12-01T13:01:00.000Z,December 01, 2024,d61be12a-5690-4429-ac14-d612d4a8e76c,72° or above,17,9,17,10,23,14,23,15,17,17,17,17,17,394,13810
2024-12-03T12:02:00.000Z,December 03, 2024,4a2a21a7-f7f6-4ebe-9054-3e3b606732e7,63° or below,0,0,0,0,1,1,1,1,,,,,,0,374
2024-12-02T13:04:00.000Z,December 02, 2024,2896b06b-5b5f-4868-b86f-1d1c90bbeb7a,64° to 65°,1,1,1,1,4,3,4,3,1,1,1,1,1,10,1218
2024-12-02T13:01:00.000Z,December 02, 2024,c014e535-8876-4f92-93f7-d1f55b17087f,66° to 67°,7,7,8,8,19,13,19,13,,,,,,0,8810
2024-12-02T13:01:00.000Z,December 02, 2024,20c64d72-f533-4cd2-8bb0-c721429bb4da,68° to 69°,37,35,37,35,48,43,48,44,,,,,,0,2312
2024-12-02T13:01:00.000Z,December 02, 2024,e03ccc6d-ff8a-4c26-9403-757674fdebe0,70° to 71°,40,38,45,45,51,47,51,48,50,50,50,50,50,192,2970
2024-12-02T13:01:00.000Z,December 02, 2024,5ae13f1e-a64d-4bbd-be8d-126d6419fcfb,72° or above,5,5,5,5,17,8,17,8,,,,,,0,2698
2024-12-03T13:04:00.000Z,December 03, 2024,75ff997c-c08f-4775-abf6-f386461f9fd8,61° to 62°,0,0,0,0,2,2,5,5,2,2,5,5,3,500,1508
2024-12-03T13:01:00.000Z,December 03, 2024,75f53a50-ce1d-4616-8dd8-40b6f697a36f,63° to 64°,12,10,12,10,23,11,23,12,12,12,12,12,12,1000,6970
2024-12-03T13:01:00.000Z,December 03, 2024,f6f0d2e5-d15f-417b-8842-0e74dd0df2ca,65° to 66°,44,38,44,38,61,45,61,45,44,44,44,44,44,200,3600
2024-12-03T13:01:00.000Z,December 03, 2024,fdb1253a-c2c9-4c1f-8944-f68cb9be3a5e,67° to 68°,28,28,39,39,50,47,50,48,,,,,,0,7392
2024-12-03T13:01:00.000Z,December 03, 2024,e322b91d-0ab8-4df9-87d7-9da66c9bd01b,69° or above,3,3,6,6,16,13,16,14,,,,,,0,1826
2024-12-04T13:01:00.000Z,December 04, 2024,d64bfeca-9f4f-49e4-8f3f-7f008515cf4e,59° or below,0,0,0,0,19,8,19,9,,,,,,0,13760
2024-12-04T13:01:00.000Z,December 04, 2024,546088bb-47e4-4682-ba07-ede18339da62,60° to 61°,9,9,13,12,46,16,46,17,11,9,11,9,9,1100,9910
2024-12-04T13:01:00.000Z,December 04, 2024,c3906391-a328-4f17-8ca8-fd6005e1483b,62° to 63°,20,13,20,16,60,20,60,20,20,20,20,20,20,200,2892
2024-12-04T13:01:00.000Z,December 04, 2024,c8a8e876-acbb-4089-96e0-0cc87951928d,64° to 65°,23,23,32,32,44,37,44,38,,,,,,0,8974
2024-12-04T13:01:00.000Z,December 04, 2024,7c2be016-72b3-4521-928e-6d4bf20387f7,66° to 67°,11,11,45,20,13,13,56,30,13,13,45,32,37,1012,8238
2024-12-04T13:01:00.000Z,December 04, 2024,2c916404-4b09-421e-813e-4ed205ed4c2d,68° or above,3,3,4,3,16,7,16,7,,,,,,0,10106
2024-12-06T12:01:00.000Z,December 06, 2024,794356c8-e4d4-43e6-bbb5-ff2d4a5f1890,60° or below,0,0,0,0,1,1,1,1,,,,,,0,57236
2024-12-06T12:01:00.000Z,December 06, 2024,815d46fb-6715-4347-b73e-f871ca03521f,61° to 62°,99,99,99,99,100,100,100,100,,,,,,0,38098
2024-12-05T12:01:00.000Z,December 05, 2024,76f72eec-2f03-46df-b797-57e9969e7589,63° to 64°,14,14,14,14,36,36,42,42,,,,,,0,2820
2024-12-06T12:01:00.000Z,December 06, 2024,18b00563-6ab8-47fc-95df-b6c88d75c0df,65° to 66°,0,0,0,0,1,1,1,1,,,,,,0,16452
2024-12-06T12:01:00.000Z,December 06, 2024,4526c1cc-1c66-489b-992e-1c1a6a90c665,67° to 68°,0,0,0,0,1,1,1,1,,,,,,0,2934
2024-12-07T12:01:00.000Z,December 07, 2024,1adda4f2-218c-47ac-b216-2e2e8a3bcff0,48° or below,0,0,0,0,1,1,1,1,,,,,,0,4908
2024-12-06T13:01:00.000Z,December 06, 2024,c3d76f5c-f59e-4e9d-8130-31cb7e03c2a5,49° to 50°,1,1,1,1,15,6,15,6,,,,,,0,7246
2024-12-06T13:01:00.000Z,December 06, 2024,214df3db-88d0-4001-88db-b9dd49e777d1,51° to 52°,9,9,10,10,45,16,45,16,10,9,10,9,9,1310,15042
2024-12-06T13:01:00.000Z,December 06, 2024,ea02ed8c-f04e-4d17-b76e-28458cc8c81c,53° to 54°,31,31,37,37,61,51,61,51,,,,,,0,5466
2024-12-06T13:01:00.000Z,December 06, 2024,29c7425f-f217-444d-ac15-f7c8fe70b370,55° to 56°,12,12,46,23,50,29,50,30,45,45,45,45,45,504,22690
2024-12-06T13:01:00.000Z,December 06, 2024,24f6d003-006f-4709-bb3c-fe3c2c703a66,57° or above,10,10,11,11,20,19,20,20,,,,,,0,22788
2024-12-08T12:01:00.000Z,December 08, 2024,e4eab784-50e1-46c9-be91-c3d829323f3a,46° or below,0,0,0,0,1,1,1,1,,,,,,0,14916
2024-12-07T13:01:00.000Z,December 07, 2024,ed8383f7-19df-4f0c-b74e-bf0def7d2968,47° to 48°,1,1,18,17,10,9,21,21,10,10,11,11,10,2744,13744
2024-12-07T13:01:00.000Z,December 07, 2024,f4bfa455-dc21-4477-bc09-2f4b0954b314,49° to 50°,20,20,51,51,38,38,61,59,38,38,50,50,38,2986,13834
2024-12-07T13:01:00.000Z,December 07, 2024,bbd15824-4e51-4a43-bcd2-b53494d14dcb,51° to 52°,46,23,46,23,50,25,50,25,46,38,46,38,44,2218,9414
2024-12-07T13:01:00.000Z,December 07, 2024,1c7eb20c-4a09-4ff6-8f1a-71009ca62c08,53° to 54°,12,0,12,0,29,5,53,5,12,1,12,1,8,1530,4236
2024-12-07T13:01:00.000Z,December 07, 2024,39824bcf-2d8e-42a7-a663-75ea06f5aa4c,55° or above,3,3,3,3,9,6,9,6,,,,,,0,3156
2024-12-08T13:01:00.000Z,December 08, 2024,89c7d292-f80e-42df-b05a-d91abc5a9254,60° or below,11,11,19,19,50,24,50,25,19,18,19,18,18,442,4880
2024-12-08T13:01:00.000Z,December 08, 2024,a9180f22-d856-4354-aef1-cec1632957b0,61° to 62°,34,34,40,40,50,45,50,47,40,40,40,40,40,200,2900
2024-12-08T13:01:00.000Z,December 08, 2024,5ede8713-d684-4282-a10a-45eb6724886a,63° to 64°,20,20,38,20,43,25,43,25,38,38,38,38,38,712,8734
2024-12-08T13:01:00.000Z,December 08, 2024,d35d2ec1-4189-435d-bc7e-8915f8263778,65° to 66°,5,1,10,9,22,15,22,15,5,5,9,9,7,600,5676
2024-12-08T13:01:00.000Z,December 08, 2024,5b771cbc-559c-4ea9-95c9-e7d192c0392e,67° to 68°,3,3,3,3,6,6,6,6,3,3,3,3,3,200,2940
2024-12-08T13:01:00.000Z,December 08, 2024,6ed569af-b6ad-4a58-9081-fb074f6fbdf0,69° or above,2,2,2,2,6,6,6,6,2,2,2,2,2,200,2272
2024-12-09T13:01:00.000Z,December 09, 2024,ca00adca-5104-4b71-99f0-28a6ae04736b,77° or below,5,5,7,7,19,12,19,12,,,,,,0,13514
2024-12-09T13:01:00.000Z,December 09, 2024,44b6df30-88a2-4e1f-bd05-10efa7b4577d,78° to 79°,3,3,12,11,14,14,15,14,14,14,14,14,14,5598,19556
2024-12-09T13:01:00.000Z,December 09, 2024,372e44f5-0b44-4ba6-ae16-affecbf03315,80° to 81°,29,29,30,30,50,34,50,35,,,,,,0,4012
2024-12-09T13:01:00.000Z,December 09, 2024,200564a2-b93e-4076-91b6-e7a517bce755,82° to 83°,36,36,38,38,48,40,48,40,,,,,,0,7874
2024-12-09T13:01:00.000Z,December 09, 2024,6a82dde4-6cd5-4098-9053-00417be0f0a3,84° to 85°,11,11,11,11,19,13,19,13,,,,,,0,14676
2024-12-09T13:01:00.000Z,December 09, 2024,8fdce0c8-2948-454c-bb0b-75937f09140a,86° or above,1,1,2,1,16,5,16,6,,,,,,0,2212
2024-12-10T13:01:00.000Z,December 10, 2024,b9586b2b-22ff-4c0a-8c77-1f1908f517d4,55° or below,1,1,1,1,2,2,2,2,1,1,1,1,1,600,15120
2024-12-10T13:01:00.000Z,December 10, 2024,13ea4495-267c-4971-9541-12c3a3ea569d,56° to 57°,14,13,14,13,15,14,15,14,14,13,14,13,13,1560,16194
2024-12-10T13:01:00.000Z,December 10, 2024,02443867-0e11-43a1-97ca-aa69338c0b23,58° to 59°,35,35,36,35,40,36,40,36,35,35,36,35,35,1800,7264
2024-12-10T13:01:00.000Z,December 10, 2024,e8dc5d11-0b68-4cdb-b4f6-248dd9b51616,60° to 61°,34,34,37,34,61,39,61,42,37,36,37,36,36,600,12198
2024-12-10T13:01:00.000Z,December 10, 2024,22e82c1b-1611-4e54-ae21-7a7dd30a3935,62° to 63°,14,14,19,15,23,22,23,22,19,18,19,18,18,600,8422
2024-12-10T13:01:00.000Z,December 10, 2024,b1b8b9c2-5d8d-4a4b-816f-e3fdff68b9ad,64° or above,3,3,3,3,8,7,8,8,3,3,3,3,3,600,6044
2024-12-11T13:23:00.000Z,December 11, 2024,405ca915-7d5e-4001-b8a5-0d967c075721,58° or below,0,0,0,0,4,3,4,3,,,,,,0,100
2024-12-11T13:02:00.000Z,December 11, 2024,5652dccd-55be-4fc2-9b43-48f2738e2dc9,59° to 60°,1,1,1,1,5,5,5,5,1,1,1,1,1,28,224
2024-12-11T13:01:00.000Z,December 11, 2024,527e0aa1-90dd-403d-af4e-168746c60d2c,61° to 62°,8,8,8,8,15,14,15,14,,,,,,0,8604
2024-12-11T13:01:00.000Z,December 11, 2024,71fc2836-9ce6-427d-afec-92ea3ae3a7cf,63° to 64°,28,28,29,29,50,42,52,42,,,,,,0,3822
2024-12-11T13:01:00.000Z,December 11, 2024,65f3a726-54e0-4977-8a77-5628c867abc9,65° to 66°,39,39,40,40,47,47,47,47,,,,,,0,4584
2024-12-11T13:01:00.000Z,December 11, 2024,c2866418-b6b1-426b-a6a2-19882ee96832,67° or above,12,11,12,11,16,16,16,16,12,12,12,12,12,600,7800
2024-12-12T13:01:00.000Z,December 12, 2024,931c7836-bcee-4d89-9ce7-6b74faebfe3c,61° or below,2,2,2,2,10,3,10,4,,,,,,0,4574
2024-12-12T13:01:00.000Z,December 12, 2024,c971f609-af20-41b3-8ece-bde91a6874eb,62° to 63°,4,4,4,4,10,5,10,5,,,,,,0,2572
2024-12-12T13:01:00.000Z,December 12, 2024,c64ce833-ebd3-494f-9778-cbf416e07942,64° to 65°,28,28,28,28,35,30,35,30,28,28,28,28,28,1960,7330
2024-12-12T13:01:00.000Z,December 12, 2024,6c1aa683-ef25-41e9-83d6-51d328ab11c8,66° to 67°,41,41,44,42,50,46,50,46,,,,,,0,6782
2024-12-12T13:01:00.000Z,December 12, 2024,a8746547-2352-46df-b062-d4f3ea8d2998,68° to 69°,15,15,22,19,23,22,23,22,23,23,23,23,23,200,5442
2024-12-12T13:01:00.000Z,December 12, 2024,9fbfd459-7697-4ccb-aa06-feaeb71fbc44,70° or above,4,4,5,5,9,8,9,8,8,8,8,8,8,70,10064
2024-12-13T13:01:00.000Z,December 13, 2024,e7c57729-77cd-4f9d-8f39-c23d78f9ee8a,64° or below,1,0,1,0,3,2,3,3,1,1,1,1,1,100,108
2024-12-13T13:01:00.000Z,December 13, 2024,98d65f51-168d-4805-a4a4-d3abdfd0c390,65° to 66°,4,4,26,23,15,15,33,29,15,15,26,26,23,222,6286
2024-12-13T13:01:00.000Z,December 13, 2024,2333a288-e298-4ee2-838c-93e7bd1f32d4,67° to 68°,12,12,35,32,52,40,52,42,35,35,35,35,35,100,5144
2024-12-13T13:01:00.000Z,December 13, 2024,3335d048-b1f4-470c-851a-8ec8c5f9afdd,69° to 70°,35,33,35,33,42,36,42,36,35,33,35,33,33,1700,5582
2024-12-13T13:01:00.000Z,December 13, 2024,2eb816aa-dc7e-434e-b03d-2748b218f44b,71° to 72°,15,8,15,8,29,9,29,9,15,8,15,8,9,396,6056
2024-12-13T13:01:00.000Z,December 13, 2024,117fd01b-1ac5-41c4-9ab2-915fe047c987,73° or above,2,2,3,2,8,3,8,3,3,3,3,3,3,76,5564
2024-12-14T13:02:00.000Z,December 14, 2024,659d310a-935a-443e-ab63-b42416d02b4b,71° or below,1,1,1,1,3,3,3,3,1,1,1,1,1,30,640
2024-12-14T13:01:00.000Z,December 14, 2024,01edc2d9-ae99-4c81-b238-154ebc030e5d,72° to 73°,4,4,6,6,8,8,8,8,,,,,,0,12032
2024-12-14T13:01:00.000Z,December 14, 2024,37f3da58-ad83-4d76-88d7-7f5f15cb98d0,74° to 75°,27,27,28,28,35,34,35,34,,,,,,0,4436
2024-12-14T13:01:00.000Z,December 14, 2024,49e8140a-b237-432c-aaf9-1ff8750cfb82,76° to 77°,38,38,40,40,50,47,50,47,,,,,,0,5194
2024-12-14T13:01:00.000Z,December 14, 2024,0fd37555-ecab-46f7-944f-267dfd23899d,78° to 79°,18,18,18,18,20,19,20,19,18,18,19,19,18,820,15368
2024-12-14T13:01:00.000Z,December 14, 2024,89be4a36-513f-4a09-9cee-28b4925653dd,80° or above,4,4,4,4,15,5,15,5,,,,,,0,8136
2024-12-15T13:17:00.000Z,December 15, 2024,ddb5fadf-ae7f-419f-8049-daeb54c642f7,72° or below,0,0,0,0,5,1,5,1,,,,,,0,1740
2024-12-15T13:09:00.000Z,December 15, 2024,1ba22724-6539-46f7-a94c-626fc34ef6fb,73° to 74°,1,1,1,1,7,7,7,7,1,1,1,1,1,20,2804
2024-12-15T13:01:00.000Z,December 15, 2024,c2fe4843-2fa2-4c80-bd6e-762fa8720318,75° to 76°,1,1,2,2,19,19,19,19,,,,,,0,3028
2024-12-15T13:01:00.000Z,December 15, 2024,5dc7db80-0d96-4ead-a936-c99595a1d676,77° to 78°,25,25,25,25,50,47,50,47,,,,,,0,3652
2024-12-15T13:01:00.000Z,December 15, 2024,3f8bcd48-57a1-4a3d-bcc3-38ff6823cdb1,79° to 80°,32,32,32,32,50,50,53,52,,,,,,0,3720
2024-12-15T13:01:00.000Z,December 15, 2024,87375f81-f82e-4cb9-bf61-113c956519bc,81° or above,6,6,6,6,25,19,25,19,,,,,,0,4914
2024-12-16T13:01:00.000Z,December 16, 2024,d4b1465d-5097-4d35-848b-1280596ba25d,72° or below,0,0,0,0,5,4,5,5,,,,,,0,2530
2024-12-16T13:14:00.000Z,December 16, 2024,8c12ff1c-2e36-485b-9788-c23657ff8388,73° to 74°,1,1,1,1,2,2,2,2,1,1,1,1,1,50,392
2024-12-16T13:01:00.000Z,December 16, 2024,940e933e-bf24-46d1-a8a7-9e949df6b127,75° to 76°,5,5,5,5,10,6,10,10,,,,,,0,8914
2024-12-16T13:01:00.000Z,December 16, 2024,ba588561-fbc4-4ef2-a795-0703f8a3aff3,77° to 78°,2,2,15,9,50,21,50,39,,,,,,0,8534
2024-12-16T13:01:00.000Z,December 16, 2024,7338db3c-e8cd-44fd-9b33-db2a903ec5c1,79° to 80°,31,31,37,32,52,44,52,51,,,,,,0,4058
2024-12-16T13:01:00.000Z,December 16, 2024,b7dc81a4-e223-426d-b05e-f936ffaa7204,81° or above,20,20,34,21,39,39,39,39,,,,,,0,8240
2024-12-17T13:30:00.000Z,December 17, 2024,d5ab317f-ed4d-4fc9-97b3-4657c970fc86,73° or below,0,0,0,0,2,1,2,1,,,,,,0,4450
2024-12-17T13:01:00.000Z,December 17, 2024,fdfa0fa1-0284-4f65-8792-6e128ed43298,74° to 75°,1,1,2,2,9,3,9,3,,,,,,0,4716
2024-12-17T13:01:00.000Z,December 17, 2024,8b1de3fe-beca-41a4-b6f7-2d4076bd22ba,76° to 77°,3,3,3,3,9,4,9,4,,,,,,0,2048
2024-12-17T13:01:00.000Z,December 17, 2024,c8e0d377-1d65-40e8-86b4-6dc360e950e1,78° to 79°,17,16,17,16,30,29,30,29,17,16,17,16,16,1280,14576
2024-12-17T13:01:00.000Z,December 17, 2024,0d1f3d75-0340-498f-bed4-624892c7f3fa,80° to 81°,40,33,40,33,50,37,50,37,40,38,40,38,38,218,4656
2024-12-17T13:01:00.000Z,December 17, 2024,72684d2c-f920-4d4f-a62f-06e94ee21c09,82° or above,28,28,29,29,40,39,40,39,39,39,40,39,39,746,14024
2024-12-19T12:01:00.000Z,December 19, 2024,8d9fd44f-5724-4b00-9f67-f56bdffce429,63° or below,0,0,0,0,1,1,1,1,,,,,,0,224
2024-12-18T13:01:00.000Z,December 18, 2024,6e8af269-7e86-478c-9fa9-fef5c5c33c73,66° to 67°,20,0,20,0,55,1,55,1,20,1,20,1,6,420,8014
2024-12-18T13:01:00.000Z,December 18, 2024,390373be-cf1e-406b-b350-2de06dc4e734,68° to 69°,30,30,60,60,40,40,70,62,40,40,61,61,60,546,2658
2024-12-18T13:01:00.000Z,December 18, 2024,2ffd7374-7c16-4ed5-8d35-293969bb4fc2,70° to 71°,3,3,5,5,51,31,51,31,,,,,,0,7460
2024-12-18T13:01:00.000Z,December 18, 2024,0eb14cec-23e9-4f6c-b537-c9e94e825947,72° or above,2,2,3,3,22,21,22,21,,,,,,0,11018
2024-12-20T12:02:00.000Z,December 20, 2024,319da4da-9140-4466-b13b-baa27c9806aa,61° or below,0,0,0,0,1,1,1,1,,,,,,0,374
2024-12-19T13:01:00.000Z,December 19, 2024,9e701320-47aa-4e22-9cb5-5d6eacc5b050,62° to 63°,1,1,1,1,22,4,22,4,,,,,,0,126
2024-12-19T13:01:00.000Z,December 19, 2024,476f573b-245d-4243-b183-b771c6411a25,64° to 65°,5,5,6,5,50,6,50,6,,,,,,0,7102
2024-12-19T13:01:00.000Z,December 19, 2024,2e49b1a1-8636-436d-a08f-ed8dab603c20,66° to 67°,20,20,20,20,46,22,46,22,,,,,,0,9404
2024-12-19T13:01:00.000Z,December 19, 2024,f97b6fe5-03cd-49ec-8993-c9cceec266eb,68° to 69°,32,32,40,40,45,44,45,44,,,,,,0,8722
2024-12-19T13:01:00.000Z,December 19, 2024,e06897ca-f89c-4864-ab57-7ea90b307fae,70° or above,25,25,33,32,34,33,34,34,33,33,33,33,33,200,9550
2024-12-20T13:01:00.000Z,December 20, 2024,a434816a-ce67-468e-aee9-426b97f976a0,61° or below,0,0,0,0,11,4,11,4,,,,,,0,600
2024-12-20T13:01:00.000Z,December 20, 2024,e6e3bbdb-ada6-41cd-adc2-337ed96b6d0a,62° to 63°,0,0,0,0,21,4,21,4,,,,,,0,408
2024-12-20T13:01:00.000Z,December 20, 2024,9da66c31-865b-4746-9b6b-43b3637efb4d,64° to 65°,6,6,7,7,15,11,15,11,,,,,,0,9990
2024-12-20T13:01:00.000Z,December 20, 2024,d128c239-913a-4d65-917b-6996d77c04b1,66° to 67°,23,23,23,23,50,28,50,28,,,,,,0,1942
2024-12-20T13:01:00.000Z,December 20, 2024,8770dd49-5d4c-48b0-aa48-368182bcc356,68° to 69°,36,36,37,37,50,44,50,44,,,,,,0,4204
2024-12-20T13:01:00.000Z,December 20, 2024,5e6e8e5f-29c0-4159-a714-d2ab5d98c116,70° or above,24,24,25,25,50,29,50,29,,,,,,0,5964
2024-12-21T13:24:00.000Z,December 21, 2024,76414981-e94a-43f4-b0bd-9c36f5098edc,58° or below,0,0,0,0,1,1,5,5,1,1,1,1,1,500,686
2024-12-21T13:01:00.000Z,December 21, 2024,e72f8218-8418-456a-aaca-6129921c314f,59° to 60°,0,0,0,0,8,6,8,6,,,,,,0,3180
2024-12-21T13:01:00.000Z,December 21, 2024,1fec3e68-4606-444b-9bae-decd3660844d,61° to 62°,15,15,16,15,25,16,25,16,23,23,23,23,23,24,4664
2024-12-21T13:01:00.000Z,December 21, 2024,ac349d38-20c8-4e04-99b8-d3b09509194d,63° to 64°,43,43,44,44,51,50,51,50,,,,,,0,5576
2024-12-21T13:01:00.000Z,December 21, 2024,b9e4cb2e-5d61-43d5-aa56-ce7c8de17e10,65° to 66°,20,20,28,28,36,35,36,35,,,,,,0,5872
2024-12-21T13:01:00.000Z,December 21, 2024,fe49ed1d-634f-42bb-84da-2cecf78ef330,67° or above,5,5,5,5,9,8,9,8,,,,,,0,6450
2024-12-22T13:01:00.000Z,December 22, 2024,3ac1625d-2634-489a-9940-40031af48e70,62° to 63°,0,0,0,0,21,5,21,5,,,,,,0,44
2024-12-22T13:01:00.000Z,December 22, 2024,13db21cc-7e6a-422e-958e-389fbdfbc54d,64° to 65°,5,5,5,5,10,6,10,7,6,6,8,8,6,1000,14474
2024-12-22T13:01:00.000Z,December 22, 2024,4aa93e2b-a70f-43ae-89ce-f9075e6027f3,66° to 67°,20,14,21,14,35,16,35,17,21,20,21,20,20,556,8846
2024-12-22T13:01:00.000Z,December 22, 2024,c98b9bc2-7008-4dcc-80cd-a20a7ca0c502,68° to 69°,33,33,33,33,43,36,43,36,,,,,,0,3870
2024-12-22T13:01:00.000Z,December 22, 2024,1db5adbc-a100-4408-940f-5c3588ee965d,70° or above,22,22,48,47,41,34,50,50,34,34,41,41,38,166,8186
2024-12-23T13:01:00.000Z,December 23, 2024,8583cd9d-cc7c-4313-a6e5-9a0cf248db98,71° to 72°,1,1,2,2,4,4,4,4,,,,,,0,3296
2024-12-23T13:01:00.000Z,December 23, 2024,2f1799e8-075f-4d7f-b7fb-624f097acd6a,73° to 74°,0,0,3,3,5,5,5,5,,,,,,0,11128
2024-12-23T13:01:00.000Z,December 23, 2024,e496abf7-f783-449b-bdd7-22ae526bed2b,75° to 76°,3,3,39,39,21,21,40,40,21,21,39,39,32,430,12116
2024-12-23T13:01:00.000Z,December 23, 2024,50554181-acb0-448d-bffe-44b289baa696,77° to 78°,38,38,39,38,49,39,49,39,39,39,39,39,39,200,3316
2024-12-23T13:01:00.000Z,December 23, 2024,f683cdc5-8fce-483a-a554-520cee12eaf6,79° or above,18,18,19,18,40,19,40,19,19,19,19,19,19,400,6352
2024-12-24T13:03:00.000Z,December 24, 2024,a70ddadf-9c9b-4113-8125-77836b183ee5,72° or below,1,1,1,1,6,6,6,6,1,1,1,1,1,80,4166
2024-12-24T13:01:00.000Z,December 24, 2024,c2bbdb05-8fb4-471d-8e33-304648515c2d,73° to 74°,2,2,3,3,8,7,8,7,,,,,,0,500
2024-12-24T13:01:00.000Z,December 24, 2024,d93573de-54ba-46d8-97fe-60d97b3bb354,75° to 76°,9,9,10,10,24,24,24,24,,,,,,0,4022
2024-12-24T13:01:00.000Z,December 24, 2024,d00b76a1-785c-486e-935f-6ecb8ea427a3,77° to 78°,23,23,25,25,57,56,57,56,57,57,57,57,57,6,1064
2024-12-24T13:01:00.000Z,December 24, 2024,b8f39f3a-e967-4835-b489-d49b2961d0a4,79° to 80°,20,20,21,20,46,45,48,48,45,20,48,20,41,512,1742
2024-12-24T13:01:00.000Z,December 24, 2024,b2a2a311-ff09-49fc-bccb-39cc7a899892,81° or above,5,5,6,6,50,17,50,17,,,,,,0,758
2024-12-25T13:01:00.000Z,December 25, 2024,4162d7dc-021c-4ca8-bad1-4eebb3845d05,63° or below,0,0,0,0,8,5,8,5,,,,,,0,4674
2024-12-25T13:01:00.000Z,December 25, 2024,fac8e9e4-22f6-428e-a852-45bc6854c713,64° to 65°,1,1,2,2,50,8,50,8,,,,,,0,13686
2024-12-25T13:01:00.000Z,December 25, 2024,59366387-8fad-42a8-891e-a0e8423f97aa,66° to 67°,22,22,23,23,30,26,30,26,,,,,,0,3876
2024-12-25T13:01:00.000Z,December 25, 2024,a34fc78c-e86f-4681-ad39-fe99203ced19,68° to 69°,30,30,38,38,50,44,50,44,,,,,,0,3918
2024-12-25T13:01:00.000Z,December 25, 2024,f4aeb002-86c0-4796-93c5-df09bb0e0cc7,70° to 71°,1,1,23,23,50,29,50,29,,,,,,0,3896
2024-12-25T13:01:00.000Z,December 25, 2024,41b569c0-6f4d-49c3-8916-ed694048deb0,72° or above,0,0,2,2,10,8,10,8,,,,,,0,4094
2024-12-26T13:01:00.000Z,December 26, 2024,3b69f50c-2cf9-4094-ad3e-96a24d3ec89f,70° or below,4,4,5,4,75,6,75,6,,,,,,0,6436
2024-12-26T13:01:00.000Z,December 26, 2024,45cdb730-db11-4580-84da-bc909aa02e12,71° to 72°,14,14,15,15,35,19,35,19,,,,,,0,4886
2024-12-26T13:01:00.000Z,December 26, 2024,61f8dd9d-7f3e-4a94-85bf-f4ead616d505,73° to 74°,38,38,40,40,50,46,50,46,,,,,,0,1956
2024-12-26T13:01:00.000Z,December 26, 2024,298d8741-fc07-4059-8868-076361cd636b,75° to 76°,20,20,24,24,27,27,27,27,,,,,,0,11688
2024-12-26T13:01:00.000Z,December 26, 2024,2fb96942-a693-423d-a936-f307c7e790d5,77° to 78°,1,1,8,8,15,12,15,12,,,,,,0,3626
2024-12-26T13:01:00.000Z,December 26, 2024,4d926619-9d0a-47ed-b9a1-868928508294,79° or above,1,1,2,2,5,5,5,5,2,2,2,2,2,80,1762
2024-12-27T13:01:00.000Z,December 27, 2024,ce33240e-57bb-41a3-9851-878e23c1654d,72° or below,0,0,0,0,13,5,13,5,,,,,,0,3040
2024-12-27T13:01:00.000Z,December 27, 2024,cee46a7c-9c59-4e72-86d5-12f017c553ea,73° to 74°,0,0,0,0,19,5,19,5,,,,,,0,5032
2024-12-27T13:01:00.000Z,December 27, 2024,2ac7ee2d-a9a8-42e3-84eb-cb0db1cbdb73,75° to 76°,1,1,2,1,25,7,25,7,,,,,,0,5306
2024-12-27T13:01:00.000Z,December 27, 2024,b625247e-d222-4208-a3bd-08ca6187065c,77° to 78°,2,2,9,9,25,14,25,14,,,,,,0,4120
2024-12-27T13:01:00.000Z,December 27, 2024,efd541b4-1176-432b-b21f-94428eb6a5ca,79° to 80°,2,2,25,25,40,31,40,31,,,,,,0,1786
2024-12-27T13:01:00.000Z,December 27, 2024,56815983-79ec-4c94-ae5b-278a7a9d5c93,81° or above,54,54,55,55,65,62,65,62,,,,,,0,5802
2024-12-29T12:02:00.000Z,December 29, 2024,59b3e01c-1606-4c21-977d-96e19bf97ab0,75° or below,0,0,0,0,1,1,1,1,,,,,,0,9664
2024-12-28T13:05:00.000Z,December 28, 2024,c466fc0b-34be-4a0f-a7ab-16704f55b756,76° to 77°,2,2,2,2,4,4,4,4,2,2,2,2,2,20,5462
2024-12-28T13:01:00.000Z,December 28, 2024,c0a3b1f7-a81c-4e69-be74-9d0f0c029f75,78° to 79°,17,17,17,17,21,18,21,18,,,,,,0,7310
2024-12-28T13:01:00.000Z,December 28, 2024,5dc3fc7e-cc05-4871-afb7-800692ed9d5a,80° to 81°,30,30,44,44,45,45,45,45,,,,,,0,1358
2024-12-28T13:01:00.000Z,December 28, 2024,af813379-99f4-4f57-a8f8-25572a2b1166,82° to 83°,27,27,27,27,36,31,36,32,,,,,,0,2772
2024-12-28T13:01:00.000Z,December 28, 2024,090f34fd-2c59-4b43-bd67-3ea3dddb1190,84° or above,10,10,10,10,20,12,20,12,,,,,,0,3468
2024-12-30T12:01:00.000Z,December 30, 2024,0c7c995d-a2bd-4278-a01e-edcfc1303215,69° or below,0,0,0,0,1,1,1,1,,,,,,0,3402
2024-12-30T12:01:00.000Z,December 30, 2024,b8d90f33-2ae1-46c3-b519-272ba62ab2c3,70° to 71°,0,0,0,0,1,1,1,1,,,,,,0,1632
2024-12-29T13:12:00.000Z,December 29, 2024,5efc4175-97c5-4209-a2d7-4c962d94eaf7,72° to 73°,2,2,2,2,3,3,3,3,2,2,2,2,2,40,302
2024-12-29T13:01:00.000Z,December 29, 2024,6543149b-64b8-4bf8-8017-61bb93b01812,74° to 75°,8,8,15,15,16,16,16,16,,,,,,0,6720
2024-12-29T13:01:00.000Z,December 29, 2024,25e1b194-1780-4a19-a353-e9640994911a,76° to 77°,32,32,35,35,42,38,42,39,,,,,,0,1554
2024-12-29T13:01:00.000Z,December 29, 2024,92174b1a-173e-4c69-8758-018aac8a1205,78° or above,42,42,43,43,52,45,52,45,,,,,,0,10598
2024-12-30T13:01:00.000Z,December 30, 2024,dcbb197c-ba38-49d8-9ed5-46fd8b8d8d8a,77° to 78°,0,0,0,0,8,4,8,4,,,,,,0,552
2024-12-30T13:01:00.000Z,December 30, 2024,5cc77163-9543-46d2-9bee-ab338c97facf,79° to 80°,0,0,0,0,9,4,9,4,,,,,,0,350
2024-12-30T13:01:00.000Z,December 30, 2024,5f69b627-ac96-46ce-938a-ab9057d7ecef,81° to 82°,4,4,4,4,5,5,5,5,4,4,4,4,4,130,9890
2024-12-30T13:01:00.000Z,December 30, 2024,3bbae39b-440d-494f-8a06-017ac9c8f846,83° to 84°,27,13,27,13,33,14,33,14,27,14,27,14,15,674,10790
2024-12-30T13:01:00.000Z,December 30, 2024,07885db8-229f-423a-befb-943de2367ee9,85° or above,66,66,84,84,72,71,85,85,72,72,85,84,84,296,25088
2024-12-31T13:03:00.000Z,December 31, 2024,022f8b59-799c-4059-916d-1d00dbc5b04e,61° or below,0,0,0,0,4,3,4,3,,,,,,0,98
2024-12-31T13:03:00.000Z,December 31, 2024,90b4c453-ae86-4388-ae74-55558e4e424d,62° to 63°,0,0,0,0,4,3,4,3,,,,,,0,164
2024-12-31T13:01:00.000Z,December 31, 2024,366b116d-54a7-4f3c-a20b-876f3f5d4262,64° to 65°,9,9,9,9,13,10,13,10,9,9,9,9,9,200,8380
2024-12-31T13:01:00.000Z,December 31, 2024,ef15863e-010c-4e54-a539-679f8607cda4,66° to 67°,37,37,37,37,46,38,46,38,,,,,,0,4674
2024-12-31T13:01:00.000Z,December 31, 2024,991868ed-23b2-4af3-b570-87af54ff5d47,68° to 69°,30,30,37,37,45,44,45,44,,,,,,0,4038
2024-12-31T13:01:00.000Z,December 31, 2024,3129b685-b2b7-41cf-837f-e5fce740ae97,70° or above,13,13,15,15,19,19,19,19,,,,,,0,6272
2025-01-01T13:05:00.000Z,January 01, 2025,937b1213-4e1d-4b93-9157-024bc623373d,56° or below,0,0,0,0,9,8,9,8,,,,,,0,100
2025-01-01T12:57:00.000Z,January 01, 2025,c99efcc8-7a6b-413d-9b0d-9468cc5ee16a,57° to 58°,1,0,1,0,9,9,9,9,,,,,,0,220
2025-01-01T13:01:00.000Z,January 01, 2025,ca1daa11-ae68-4b8c-85a9-a86eb2075326,59° to 60°,7,7,8,8,14,13,14,13,,,,,,0,3734
2025-01-01T13:01:00.000Z,January 01, 2025,83763598-7b14-42d4-9758-ccb86243278c,61° to 62°,22,22,24,23,40,33,40,33,,,,,,0,2590
2025-01-01T13:01:00.000Z,January 01, 2025,d5588b86-f9c9-481f-a0a6-9e2501f327da,63° to 64°,36,36,36,36,54,53,54,53,,,,,,0,1136
2025-01-01T13:01:00.000Z,January 01, 2025,535f2c65-887f-45ce-ae56-12513d8e8c21,65° or above,10,10,14,14,32,32,32,32,,,,,,0,1636
2025-01-02T13:04:00.000Z,January 02, 2025,017b291d-3acb-4100-9438-f089266485f3,61° or below,1,1,1,1,5,5,6,6,5,5,5,5,5,800,1828
2025-01-02T13:01:00.000Z,January 02, 2025,9fe0b19d-7893-49ac-b9d9-1d8376d0c601,62° to 63°,3,3,7,7,20,13,20,13,,,,,,0,4710
2025-01-02T13:01:00.000Z,January 02, 2025,e353e60b-4ebe-4fe4-b378-cde7556b1314,64° to 65°,36,36,37,37,48,44,48,44,,,,,,0,1256
2025-01-02T13:01:00.000Z,January 02, 2025,309ac32a-06df-4256-ba8d-6a9a8d41f88a,66° to 67°,23,23,36,36,49,43,49,43,,,,,,0,4112
2025-01-02T13:01:00.000Z,January 02, 2025,2d9e60cd-5ba3-4668-9b69-5d3935282b83,68° to 69°,3,3,6,6,18,11,18,11,,,,,,0,2020
2025-01-02T13:01:00.000Z,January 02, 2025,84a56d2c-387c-4c45-a872-f725dae44f4c,70° or above,1,1,1,1,25,5,25,5,,,,,,0,130
2025-01-03T13:01:00.000Z,January 03, 2025,caa94b32-69a1-4cf9-88ea-4144fde62057,63° or below,1,1,1,1,7,6,7,6,,,,,,0,3078
2025-01-03T13:01:00.000Z,January 03, 2025,9641bb49-c777-4b6e-a6c7-0c428e9bf7f5,64° to 65°,13,13,15,15,40,19,40,19,,,,,,0,8390
2025-01-03T13:01:00.000Z,January 03, 2025,ece054a0-42b0-4194-8703-df9a05a46634,66° to 67°,39,39,39,39,49,41,49,41,44,44,44,44,44,20,3838
2025-01-03T13:01:00.000Z,January 03, 2025,f63b56f5-395c-4e56-935b-00dc752cb4df,68° to 69°,31,31,31,31,54,36,54,36,,,,,,0,5116
2025-01-03T13:01:00.000Z,January 03, 2025,2efdc4b2-e25b-4a38-876b-e5d8ffe429b9,70° to 71°,8,8,8,8,19,10,19,10,,,,,,0,6950
2025-01-03T13:01:00.000Z,January 03, 2025,8d67ba14-4783-40d0-9291-70bd7b29bee4,72° or above,4,4,4,4,25,5,25,5,,,,,,0,7090
2025-01-04T13:01:00.000Z,January 04, 2025,c4d95a79-732a-478a-95f8-52d388f42961,70° or below,1,1,11,7,11,11,12,11,11,9,11,9,10,1076,4604
2025-01-04T13:01:00.000Z,January 04, 2025,20515b77-576e-40e7-be5d-3f31838c6149,71° to 72°,24,24,40,33,37,30,60,37,25,25,40,36,37,1204,5742
2025-01-04T13:01:00.000Z,January 04, 2025,e0ce8cf6-2b0c-4d31-bfed-29a3451eb753,73° to 74°,32,32,33,32,45,33,45,34,33,32,33,32,32,1402,5756
2025-01-04T13:01:00.000Z,January 04, 2025,c90db50b-95bb-416a-a61a-2f14c0b90a85,75° to 76°,22,22,24,22,52,23,52,23,24,22,24,22,22,3304,8398
2025-01-04T13:01:00.000Z,January 04, 2025,80d6e236-c877-4771-838b-960bb7269a61,77° to 78°,8,3,9,4,61,6,61,8,9,6,9,6,7,1894,7274
2025-01-04T13:01:00.000Z,January 04, 2025,10298ef7-1ede-4682-9e1e-f9a1d5ea30be,79° or above,2,1,3,1,24,2,24,2,3,1,3,1,1,880,3536
2025-01-05T13:07:00.000Z,January 05, 2025,e5d03847-390c-4dfe-8c54-3304df46a8be,67° or below,1,1,1,1,4,4,4,4,1,1,1,1,1,338,4764
2025-01-05T13:07:00.000Z,January 05, 2025,4cd939a2-6ade-41f3-8370-7143a725ff48,68° to 69°,2,2,5,5,11,6,61,7,11,6,11,6,7,600,9324
2025-01-05T13:07:00.000Z,January 05, 2025,4c034a7a-bb2b-48b2-9967-a808953a911e,70° to 71°,18,18,31,28,61,35,61,35,,,,,,0,8872
2025-01-05T13:07:00.000Z,January 05, 2025,f47a079f-92d7-462e-b0d5-f9a88c3b0765,72° to 73°,26,26,36,36,41,40,41,40,,,,,,0,6874
2025-01-05T13:07:00.000Z,January 05, 2025,e12ce1c2-e26d-4e6a-8d5a-73008051f06d,74° to 75°,23,17,23,17,60,22,60,22,23,23,23,23,23,40,8576
2025-01-05T13:07:00.000Z,January 05, 2025,7a70f164-ed32-4072-84df-fec396639033,76° or above,6,6,7,7,65,9,65,9,,,,,,0,12920
2025-01-06T13:01:00.000Z,January 06, 2025,93564571-34b4-4600-babb-ae95db3602a0,43° or below,1,1,2,2,26,4,26,4,,,,,,0,4060
2025-01-06T13:01:00.000Z,January 06, 2025,d558d79b-b5a3-45a0-ba16-5dfe0094e946,44° to 45°,6,6,8,8,61,13,61,13,,,,,,0,10046
2025-01-06T13:01:00.000Z,January 06, 2025,9dadd390-8b31-4949-968c-6687f8d4ed1f,46° to 47°,28,28,33,33,38,35,38,35,,,,,,0,5694
2025-01-06T13:01:00.000Z,January 06, 2025,5acb661d-c138-4189-9852-7e8df1d1390b,48° to 49°,34,34,35,35,44,40,44,40,,,,,,0,4672
2025-01-06T13:01:00.000Z,January 06, 2025,0adfe73f-3c1d-4c0c-a6d8-fe6f4f0cfb97,50° to 51°,18,9,19,11,61,14,61,14,19,18,19,18,18,810,4008
2025-01-06T13:01:00.000Z,January 06, 2025,34a66704-e6d7-4b91-a1b2-52623bf3b204,52° or above,6,1,6,1,23,6,23,6,6,6,6,6,6,200,5734
2025-01-07T13:04:00.000Z,January 07, 2025,6459378e-18e6-4424-89c6-390e22915330,43° or below,1,1,1,1,2,2,2,2,1,1,1,1,1,10,2016
2025-01-07T13:02:00.000Z,January 07, 2025,2d4f5a1f-8b44-4daa-841c-3914b34f2b2f,44° to 45°,5,5,5,5,10,6,10,6,,,,,,0,4764
2025-01-07T13:01:00.000Z,January 07, 2025,99f4f426-cda1-4db6-80f8-29b8e138496c,46° to 47°,22,22,23,22,29,29,37,29,,,,,,0,7044
2025-01-07T13:01:00.000Z,January 07, 2025,92d085ee-c239-4f72-8ff8-6938953c0d8d,48° to 49°,45,45,45,45,52,52,54,52,,,,,,0,7858
2025-01-07T13:01:00.000Z,January 07, 2025,b013f0d1-7afd-43d7-8026-b5ff3f2ca433,50° to 51°,17,15,17,17,55,55,61,55,,,,,,0,1540
2025-01-07T13:02:00.000Z,January 07, 2025,acab33e0-7d35-4dbd-b1c5-bb8fd18f8347,52° or above,5,5,5,5,12,7,12,7,,,,,,0,592
2025-01-08T13:01:00.000Z,January 08, 2025,dc2ce9a5-b80e-49a0-b1e7-2f4a5e201f83,36° or below,0,0,0,0,25,5,25,10,,,,,,0,120
2025-01-08T13:01:00.000Z,January 08, 2025,8b27840e-531a-49a9-879e-e6a1686f9c7f,37° to 38°,0,0,0,0,10,5,10,10,,,,,,0,100
2025-01-08T13:02:00.000Z,January 08, 2025,00a73aff-73e1-4683-8090-942c22c3cbb6,39° to 40°,0,0,5,0,5,5,6,6,5,5,5,5,5,2000,6364
2025-01-08T13:01:00.000Z,January 08, 2025,00c9d7e2-08f8-4cec-abd1-36c58b3d0a98,41° to 42°,4,4,13,4,30,19,30,22,,,,,,0,14270
2025-01-08T13:01:00.000Z,January 08, 2025,97566a21-5a39-4b7e-94d1-85a0c2b231f3,43° to 44°,25,25,39,26,48,45,48,47,,,,,,0,8810
2025-01-08T13:01:00.000Z,January 08, 2025,fce8e724-d761-401d-8980-f6ef7eaabc5b,45° or above,41,41,42,42,70,43,70,69,,,,,,0,21638
2025-01-10T12:06:00.000Z,January 10, 2025,c29647e4-6f86-4d33-ab02-783798fdfb7f,35° or below,0,0,0,0,1,1,1,1,,,,,,0,0
2025-01-10T12:06:00.000Z,January 10, 2025,8df00232-4a16-42c3-ae27-024de77df57b,36° to 37°,0,0,0,0,1,1,1,1,,,,,,0,11538
2025-01-10T12:06:00.000Z,January 10, 2025,6c0ee09b-39f9-4fb3-82c1-33a14e13112d,38° to 39°,0,0,0,0,1,1,1,1,,,,,,0,16272
2025-01-09T13:01:00.000Z,January 09, 2025,4673fa83-5ff2-4017-afdc-373adbb3072f,40° to 41°,31,31,34,34,74,74,74,74,,,,,,0,7104
2025-01-09T13:01:00.000Z,January 09, 2025,13e92faa-1a2d-4ff9-b90f-9bf14a4504d5,42° to 43°,17,17,18,18,65,55,65,55,,,,,,0,4772
2025-01-09T13:02:00.000Z,January 09, 2025,455a3f83-22c4-47b2-8629-694b7b059c63,44° or above,1,1,1,1,24,16,24,16,1,1,1,1,1,1008,5020
2025-01-10T13:01:00.000Z,January 10, 2025,2d4ca305-9ac8-4ba7-b25a-17af20c86234,40° to 41°,1,1,1,1,9,5,9,5,,,,,,0,3874
2025-01-10T13:01:00.000Z,January 10, 2025,b4d5c2b5-eddf-40db-b558-b1455e0568c6,42° to 43°,9,9,22,21,27,21,42,29,21,21,42,42,33,564,9862
2025-01-10T13:01:00.000Z,January 10, 2025,f3636353-43b2-4902-8eb4-07b9824a6596,44° to 45°,40,40,49,48,53,53,53,53,53,53,53,53,53,48,7544
2025-01-10T13:01:00.000Z,January 10, 2025,5d2967f5-48a1-4b0e-ba88-c70f464675be,46° to 47°,28,21,28,21,48,24,48,26,28,28,28,28,28,1000,6716
2025-01-10T13:01:00.000Z,January 10, 2025,3d3997d3-9826-43a6-8ee1-ce143d436c23,48° or above,1,1,3,3,31,4,31,4,4,4,4,4,4,72,1868
2025-01-11T13:01:00.000Z,January 11, 2025,dca90e70-ce99-4ec8-aea2-6099926aea9c,53° to 54°,1,1,1,1,31,5,31,5,,,,,,0,2322
2025-01-11T13:01:00.000Z,January 11, 2025,238c2068-85a4-4ed4-b52f-b147741d8e6d,55° to 56°,8,8,16,15,35,21,35,21,35,35,35,35,35,546,10070
2025-01-11T13:01:00.000Z,January 11, 2025,18c743b9-801c-4c7f-a7a9-ffe073cdfedd,57° to 58°,38,38,44,44,47,47,47,47,,,,,,0,4546
2025-01-11T13:01:00.000Z,January 11, 2025,94ddd7d1-f6c1-41a0-ab3b-e26f79658363,59° or above,35,35,36,35,65,37,75,39,65,37,75,39,44,1288,8574
2025-01-12T13:21:00.000Z,January 12, 2025,30373d19-1b1b-4223-8f24-8b01cea061df,54° or below,0,0,0,0,4,3,4,3,,,,,,0,44
2025-01-12T13:01:00.000Z,January 12, 2025,d9a060f5-39d9-4e5b-b2dc-58f1937a0ad4,55° to 56°,0,0,0,0,10,5,10,5,,,,,,0,0
2025-01-12T13:01:00.000Z,January 12, 2025,4bef637a-6bc9-4b00-8559-ea707858fe58,57° to 58°,1,1,1,1,31,4,31,4,,,,,,0,140
2025-01-12T13:01:00.000Z,January 12, 2025,c5982b55-7b14-4129-8bd9-2c40de9620b2,59° to 60°,7,7,8,8,19,14,19,14,,,,,,0,6998
2025-01-12T13:01:00.000Z,January 12, 2025,d5f04830-f500-4170-8b72-303c4963f70a,61° to 62°,40,40,40,40,61,44,61,44,,,,,,0,5118
2025-01-12T13:01:00.000Z,January 12, 2025,9178dda9-897f-4518-836c-9955cd5f113f,63° or above,40,40,41,41,48,48,48,48,48,41,48,41,47,420,7640
2025-01-13T13:06:00.000Z,January 13, 2025,ffe0ec6e-418b-4c7a-994a-9081944cc677,49° or below,1,0,1,0,2,1,2,1,1,1,1,1,1,2,500
2025-01-13T13:01:00.000Z,January 13, 2025,319be387-8580-44af-9af0-06230ae994d4,52° to 53°,2,2,2,2,10,5,10,5,,,,,,0,4776
2025-01-13T13:01:00.000Z,January 13, 2025,e67e5d18-3d07-4d46-b0a9-264abbd1f14d,54° to 55°,20,20,21,20,42,24,42,24,,,,,,0,12410
2025-01-13T13:01:00.000Z,January 13, 2025,32d7dcbd-5193-42d3-a28a-9c2977c53434,56° to 57°,30,30,34,34,50,40,50,40,49,49,49,49,49,56,5050
2025-01-13T13:01:00.000Z,January 13, 2025,5418a83c-aee6-446a-a881-3d85996fb44a,58° or above,25,25,39,39,61,42,61,42,,,,,,0,7492
2025-01-14T13:10:00.000Z,January 14, 2025,5026f1bc-f8bc-41c2-a1b8-57f87d6a6977,52° or below,0,0,0,0,4,1,4,1,,,,,,0,2
2025-01-14T13:01:00.000Z,January 14, 2025,5df9f36a-01ff-40a5-85cb-3b7d9fe8d379,53° to 54°,1,1,1,1,8,4,8,4,,,,,,0,86
2025-01-14T13:01:00.000Z,January 14, 2025,b587c201-3f50-48b3-be78-ec7c3aa53673,55° to 56°,4,4,6,6,25,9,25,9,,,,,,0,4492
2025-01-14T13:01:00.000Z,January 14, 2025,54764a04-6485-467c-9971-f5d44563ca26,57° to 58°,23,23,29,28,44,33,44,33,,,,,,0,4380
2025-01-14T13:01:00.000Z,January 14, 2025,076063ca-7fd0-479a-a9f1-436f72ca4747,59° to 60°,38,38,42,42,50,46,50,48,,,,,,0,4290
2025-01-14T13:01:00.000Z,January 14, 2025,d55cef72-7e09-48af-92b8-6ef511aa9ce2,61° or above,12,12,16,16,20,20,20,20,12,12,12,12,12,2000,6782
2025-01-15T13:14:00.000Z,January 15, 2025,7d4487ce-2263-434f-a556-8bb14797f446,50° or below,0,0,0,0,5,1,5,1,,,,,,0,60
2025-01-15T13:01:00.000Z,January 15, 2025,ea3bb6f3-e7fe-48ce-a422-4182005e0b02,55° to 56°,20,20,21,21,40,40,40,40,,,,,,0,5542
2025-01-15T13:01:00.000Z,January 15, 2025,247b329d-172e-4815-861b-feb87b36b16e,57° to 58°,20,20,21,21,48,47,48,47,,,,,,0,3466
2025-01-15T13:01:00.000Z,January 15, 2025,f1304d6b-6808-4a88-ad2a-e45fe8d8d57d,59° or above,34,34,34,34,50,46,50,46,,,,,,0,3528
2025-01-16T13:01:00.000Z,January 16, 2025,4bef5b90-38ad-40ab-8d87-e1b0f4616128,60° or below,1,1,1,1,22,5,22,5,,,,,,0,0
2025-01-16T13:01:00.000Z,January 16, 2025,4162a1ff-54be-45b5-9e12-faf0e30bcce2,61° to 62°,4,3,4,3,41,4,41,4,4,4,4,4,4,70,3546
2025-01-16T13:01:00.000Z,January 16, 2025,475b5d78-6421-4616-af70-43ab2dca6d7d,63° to 64°,11,11,28,28,31,26,31,31,26,26,26,26,26,32,5726
2025-01-16T13:01:00.000Z,January 16, 2025,cae7b9d7-f645-4826-ba8c-3d237b294a16,65° to 66°,35,35,36,36,37,37,37,37,37,37,37,37,37,180,3600
2025-01-16T13:01:00.000Z,January 16, 2025,d0c261ed-54bc-4fff-a379-8435abbc9593,67° to 68°,26,26,28,26,67,28,67,28,28,27,28,27,27,570,5710
2025-01-16T13:01:00.000Z,January 16, 2025,becb14a1-a37a-4384-b907-62bd502abdd6,69° or above,5,4,6,4,20,11,20,11,6,4,6,4,5,1000,6116
2025-01-17T13:23:00.000Z,January 17, 2025,016ed9a2-f974-4baf-bac9-2d30b7c88586,62° or below,0,0,0,0,4,3,4,3,,,,,,0,400
2025-01-17T13:01:00.000Z,January 17, 2025,9cf10ae7-6a04-4947-82c9-407b1ef9e106,63° to 64°,2,2,2,2,5,4,5,4,,,,,,0,1462
2025-01-17T13:01:00.000Z,January 17, 2025,a48bfc52-7a71-40cf-9783-6efecd89ade2,65° to 66°,0,0,13,13,30,17,30,17,,,,,,0,3960
2025-01-17T13:01:00.000Z,January 17, 2025,1ed23c08-c767-4b40-9150-fff7600b542d,67° to 68°,28,28,35,35,42,41,42,41,,,,,,0,8030
2025-01-17T13:04:00.000Z,January 17, 2025,7a021955-9615-46fc-9903-bec1dd82299e,69° to 70°,31,31,31,31,32,32,32,32,31,31,31,31,31,14,6112
2025-01-17T13:01:00.000Z,January 17, 2025,e50d7695-63ea-4d53-971b-46d7b94f2237,71° or above,16,16,17,16,55,19,55,19,,,,,,0,6570
2025-01-18T13:01:00.000Z,January 18, 2025,43e41adc-f517-4d17-9bd5-844e5ab9b672,56° or below,0,0,0,0,10,5,10,5,,,,,,0,2032
2025-01-18T13:01:00.000Z,January 18, 2025,186e5dee-0c7b-4ab2-85c4-b3446e1bd273,57° to 58°,4,4,4,4,12,5,54,5,,,,,,0,6238
2025-01-18T13:01:00.000Z,January 18, 2025,b71e70b3-d4f2-4645-870b-ea5e6ae6af4d,59° to 60°,24,23,24,23,39,24,39,24,24,23,24,23,23,590,5764
2025-01-18T13:01:00.000Z,January 18, 2025,611d6147-116d-4af4-adac-f6960befc831,61° to 62°,27,26,36,35,46,41,46,41,,,,,,0,2264
2025-01-18T13:01:00.000Z,January 18, 2025,f16ca004-57da-4c54-8c99-6b5b2093b4bd,63° to 64°,19,18,31,30,38,34,39,34,,,,,,0,4728
2025-01-18T13:07:00.000Z,January 18, 2025,ac8af74a-5ab3-439c-bee7-6afcd7299252,65° or above,5,5,5,5,11,9,11,9,,,,,,0,4554
2025-01-19T13:01:00.000Z,January 19, 2025,631e3b68-36c0-4ebc-86a0-2b39b3295c7f,40° to 41°,0,0,0,0,9,4,9,4,,,,,,0,3184
2025-01-19T13:01:00.000Z,January 19, 2025,84dd1698-3150-41b1-995a-955111a480bc,42° to 43°,4,4,22,22,40,30,40,30,,,,,,0,11386
2025-01-19T13:01:00.000Z,January 19, 2025,683adce9-da54-40e3-8f77-df3a10c0ca52,44° to 45°,35,35,54,54,60,59,60,59,,,,,,0,7354
2025-01-19T13:01:00.000Z,January 19, 2025,dcf17b0e-b5a5-46b5-b19e-0a6d917bdd08,46° to 47°,2,2,14,14,60,21,60,21,,,,,,0,2016
2025-01-19T13:01:00.000Z,January 19, 2025,4efe1300-4ddd-4eda-8202-eefe068c701a,48° or above,0,0,0,0,50,4,50,4,,,,,,0,2092
2025-01-20T13:01:00.000Z,January 20, 2025,66a6f792-209f-4559-ad49-82e57c46a4e7,34° or below,1,1,1,1,10,5,10,5,1,1,1,1,1,200,226
2025-01-20T13:10:00.000Z,January 20, 2025,f6c64db1-6425-4dee-912f-5773253b5213,35° to 36°,2,2,2,2,5,5,70,5,5,5,70,70,16,1772,2282
2025-01-20T13:01:00.000Z,January 20, 2025,6655067d-1a80-4525-aa9b-89046dbfdb29,37° to 38°,12,12,13,12,34,13,34,13,13,12,13,12,12,218,5756
2025-01-20T13:02:00.000Z,January 20, 2025,8dab8221-d27c-4539-a479-e15b3a9911b4,39° to 40°,40,40,40,40,47,46,47,46,,,,,,0,4940
2025-01-20T13:01:00.000Z,January 20, 2025,e1793aba-f7c1-4018-a1f1-54208620fa8c,41° to 42°,29,29,34,34,35,35,35,35,35,35,35,35,35,164,4348
2025-01-20T13:01:00.000Z,January 20, 2025,0187f9a4-ab4d-4289-9647-ece36bac7016,43° or above,3,2,5,5,20,20,20,20,3,2,3,2,2,200,2634
2025-01-21T13:01:00.000Z,January 21, 2025,5749be57-d800-42c1-9191-f32d597eb881,32° or below,2,2,2,2,10,5,10,5,2,2,2,2,2,200,922
2025-01-21T13:01:00.000Z,January 21, 2025,6647e25c-cee8-4c9c-bf4e-23b083534c79,33° to 34°,3,3,3,3,45,8,45,8,,,,,,0,5306
2025-01-21T13:01:00.000Z,January 21, 2025,17d51e00-d6a2-4ffc-b704-25b425c3cd54,35° to 36°,14,14,15,14,49,19,49,19,,,,,,0,7134
2025-01-21T13:01:00.000Z,January 21, 2025,82bd8816-44ec-4d60-b871-57de8251b495,37° to 38°,32,32,33,32,39,38,39,38,,,,,,0,6480
2025-01-21T13:01:00.000Z,January 21, 2025,bb5d275d-3200-4ac7-a558-e87a441902d8,39° to 40°,30,30,30,30,45,34,45,34,,,,,,0,3140
2025-01-21T13:01:00.000Z,January 21, 2025,a15d30e7-9a03-42ce-b72f-d3bccff82483,41° or above,16,16,16,16,28,17,28,17,16,16,16,16,16,378,3454
2025-01-22T13:04:00.000Z,January 22, 2025,36253dfa-d14e-4099-b3bd-384396598acd,44° or below,1,1,1,1,3,3,3,3,1,1,1,1,1,10,1056
2025-01-22T13:08:00.000Z,January 22, 2025,d442516a-c089-4a47-abf9-c2613865ca99,45° to 46°,2,2,2,2,3,3,3,3,2,2,2,2,2,10,1168
2025-01-22T13:02:00.000Z,January 22, 2025,1ede1b49-e8fb-4216-9c58-b49fd17ab324,47° to 48°,5,5,5,5,26,25,26,25,,,,,,0,5726
2025-01-22T13:02:00.000Z,January 22, 2025,eb3a67c2-adb9-4e7b-b5f0-9faeab55b472,49° to 50°,24,24,24,24,32,31,32,31,,,,,,0,6560
2025-01-22T13:02:00.000Z,January 22, 2025,1e46c453-4c19-4ab1-bb41-27eee2d019d6,51° to 52°,33,33,33,33,45,44,45,44,,,,,,0,8998
2025-01-22T13:01:00.000Z,January 22, 2025,dae20bc2-4212-4f9e-92ac-402b4f96d397,53° or above,26,26,26,26,34,30,34,30,,,,,,0,11194
2025-01-23T13:01:00.000Z,January 23, 2025,a6a71fe9-bea5-489f-9c0c-f8498dee4994,48° or below,1,1,1,1,20,5,20,5,,,,,,0,20
2025-01-23T13:01:00.000Z,January 23, 2025,85ee87e0-51d8-49a1-8cf6-4f3f75abb47a,49° to 50°,1,1,1,1,20,4,20,4,,,,,,0,240
2025-01-23T13:01:00.000Z,January 23, 2025,f1495dc2-4a79-45c8-bbbc-0d23e26ec3e1,51° to 52°,4,4,4,4,6,5,6,6,4,4,4,4,4,340,2352
2025-01-23T13:01:00.000Z,January 23, 2025,a609c9e2-4853-4ead-ae03-5253ab355738,53° to 54°,41,40,41,40,45,42,45,42,41,40,41,40,40,376,6524
2025-01-23T13:01:00.000Z,January 23, 2025,f35021dc-b683-47d3-842a-f9fa45dbe5e2,55° to 56°,39,39,43,43,48,48,48,48,,,,,,0,3482
2025-01-23T13:01:00.000Z,January 23, 2025,180fe597-c85b-4915-a24f-83418a4f1664,57° or above,8,8,11,11,35,17,35,17,,,,,,0,710
2025-01-24T13:01:00.000Z,January 24, 2025,79880473-16f4-44b2-ab6b-bc41e702888f,52° or below,2,2,2,2,15,5,15,5,,,,,,0,1134
2025-01-24T13:01:00.000Z,January 24, 2025,4c2bc807-3716-48da-a118-156de7500ffa,53° to 54°,2,2,2,2,9,5,9,5,,,,,,0,1834
2025-01-24T13:01:00.000Z,January 24, 2025,a04a2ee9-0640-4ebb-8c95-b0892eaa2cfb,55° to 56°,3,3,3,3,9,4,9,4,,,,,,0,4986
2025-01-24T13:01:00.000Z,January 24, 2025,ad197fd3-4c44-48df-8b37-e04819414694,57° to 58°,3,3,9,9,44,14,44,14,,,,,,0,16060
2025-01-24T13:01:00.000Z,January 24, 2025,e11c5c28-8d6a-4810-be39-7f5285297a30,59° to 60°,50,50,53,50,55,55,55,55,55,55,55,55,55,58,9774
2025-01-24T13:01:00.000Z,January 24, 2025,055321fa-4643-4334-9a00-68926be73131,61° or above,10,10,29,29,40,34,40,34,,,,,,0,19682
2025-01-25T13:01:00.000Z,January 25, 2025,9bbf6403-ba5c-4d2b-8a10-46b849a51859,54° or below,1,1,1,1,23,6,23,6,,,,,,0,606
2025-01-25T13:01:00.000Z,January 25, 2025,a2d181ea-ef1e-496c-a956-074d4ce7d1a0,55° to 56°,2,2,2,2,47,3,47,3,,,,,,0,2022
2025-01-25T13:01:00.000Z,January 25, 2025,ca72ccc3-b9ce-4888-b12e-f8e12ffbb91a,57° to 58°,15,15,19,19,47,23,47,23,,,,,,0,6046
2025-01-25T13:01:00.000Z,January 25, 2025,8e9127db-aaca-43fc-9d79-4aeb341b799a,59° to 60°,27,27,34,34,43,38,43,38,,,,,,0,5136
2025-01-25T13:01:00.000Z,January 25, 2025,8631299b-51fe-4a79-8693-9281d162cd4a,61° to 62°,17,4,25,24,35,29,35,29,,,,,,0,17744
2025-01-25T13:01:00.000Z,January 25, 2025,d027c1db-02fb-4fdb-87a7-6a7936555645,63° or above,16,16,17,16,40,20,61,20,17,16,17,16,16,434,8810
2025-01-27T12:05:00.000Z,January 27, 2025,af205aec-7e7e-4a81-b49a-6bd41ca6c92b,48° or below,0,0,0,0,1,1,1,1,,,,,,0,2544
2025-01-27T12:05:00.000Z,January 27, 2025,f74b6843-1de9-44a0-aba5-d7fbf4184f21,49° to 50°,0,0,0,0,1,1,1,1,,,,,,0,2520
2025-01-26T13:53:00.000Z,January 26, 2025,a5613450-6c57-41e6-a01f-2919f8f11295,51° to 52°,0,0,0,0,1,1,1,1,1,1,1,1,1,70,5492
2025-01-26T13:01:00.000Z,January 26, 2025,f596f421-105b-4725-9621-8544567ac076,53° to 54°,4,0,4,0,18,1,18,1,4,1,4,1,2,200,12188
2025-01-26T13:01:00.000Z,January 26, 2025,8ad336a6-9062-4db4-bfc2-31c5b5b163f5,55° to 56°,31,31,36,36,40,40,56,56,40,40,55,55,51,172,5606
2025-01-26T13:01:00.000Z,January 26, 2025,087fc8b1-733a-4e44-b444-99c51be5a1fd,57° or above,50,48,50,48,62,62,62,62,50,48,50,48,49,430,17142
2025-01-27T13:01:00.000Z,January 27, 2025,b67705dc-c3f5-4aeb-aaf0-41f5cef03333,48° or below,3,3,3,3,6,4,23,4,,,,,,0,2354
2025-01-27T13:01:00.000Z,January 27, 2025,a6905545-212e-4fb4-8947-73829e3b1695,49° to 50°,12,12,22,21,50,26,50,27,21,19,21,19,20,24,9964
2025-01-27T13:01:00.000Z,January 27, 2025,e8962df0-4536-454d-86f6-f804ca2a72fa,51° to 52°,24,24,37,36,50,41,50,42,24,24,37,37,32,152,7996
2025-01-27T13:01:00.000Z,January 27, 2025,82ff09ba-9677-4f60-a447-0e54e9446cc6,53° to 54°,31,27,31,27,42,28,42,29,31,27,31,27,29,896,6254
2025-01-27T13:01:00.000Z,January 27, 2025,8abb40e4-6587-4c9a-b3ee-4a267078a973,55° to 56°,8,8,11,11,37,14,37,14,15,15,15,15,15,100,7418
2025-01-27T13:01:00.000Z,January 27, 2025,af5eaa38-9d45-47de-8ddb-4c0553872843,57° or above,3,3,3,3,14,4,14,4,,,,,,0,5860
2025-01-28T13:01:00.000Z,January 28, 2025,c9b3c95b-4c70-48d5-8261-d9f0f6c87a32,53° or below,6,6,14,10,22,15,22,15,14,12,14,12,13,200,6472
2025-01-28T13:01:00.000Z,January 28, 2025,a9931c78-229a-4623-8e67-75f8a497dcea,54° to 55°,22,22,36,30,24,24,40,35,24,24,35,35,33,294,7180
2025-01-28T13:01:00.000Z,January 28, 2025,dea74ce4-4dd2-4357-8d0d-74812d961af8,56° to 57°,33,33,33,33,35,35,47,35,35,33,35,33,34,634,4544
2025-01-28T13:01:00.000Z,January 28, 2025,bed03a4c-6790-4421-b675-debc776fee80,58° to 59°,29,23,29,23,35,24,35,26,29,23,29,23,24,4876,7910
2025-01-28T13:01:00.000Z,January 28, 2025,8c9c5854-3f51-4cdf-99b8-5eb653e52cb5,60° to 61°,3,3,3,3,20,4,20,4,3,3,3,3,3,200,1528
2025-01-28T13:01:00.000Z,January 28, 2025,a924ce66-9e25-4a59-a00a-8e31df3a35de,62° or above,3,2,3,2,5,5,5,5,3,3,3,3,3,200,1490
2025-01-29T13:01:00.000Z,January 29, 2025,e3fb507f-11b6-480d-9431-c3c97551a60d,64° or below,2,2,2,2,22,8,22,8,,,,,,0,3052
2025-01-29T13:01:00.000Z,January 29, 2025,0a066050-bf43-4ddd-b4d8-524849878b99,65° to 66°,6,6,6,6,61,11,61,11,,,,,,0,2758
2025-01-29T13:01:00.000Z,January 29, 2025,9bc5a53e-9328-4c38-89b3-4bf0a7cfd10f,67° to 68°,28,28,29,29,42,32,42,32,32,32,32,32,32,10,3640
2025-01-29T13:01:00.000Z,January 29, 2025,064222ed-a0cb-49ab-9111-f77624295062,69° to 70°,32,32,37,37,46,42,46,42,,,,,,0,2030
2025-01-29T13:01:00.000Z,January 29, 2025,6e5e3487-95e5-4827-b60e-b5b6b8747b74,71° to 72°,10,10,15,15,34,19,34,19,,,,,,0,5012
2025-01-29T13:01:00.000Z,January 29, 2025,cbc27082-80dc-4214-b94b-4e12e114f460,73° or above,3,3,3,3,26,6,26,6,,,,,,0,3726
2025-01-30T13:13:00.000Z,January 30, 2025,632be006-6fc6-456c-8a76-45efb0327931,66° or below,0,0,0,0,1,1,1,1,1,1,1,1,1,202,2216
2025-01-30T13:18:00.000Z,January 30, 2025,138bf12f-605e-4934-b916-b24b61a25040,67° to 68°,0,0,0,0,1,1,1,1,1,1,1,1,1,1832,7830
2025-01-30T13:00:00.000Z,January 30, 2025,7a21cd23-ec82-404a-a893-40213edcf729,69° to 70°,7,7,7,7,17,17,26,26,,,,,,0,10712
2025-01-30T13:02:00.000Z,January 30, 2025,714b4e1c-0ff7-4f82-825f-a34beca28d2c,71° to 72°,23,23,23,23,44,41,44,41,,,,,,0,1628
2025-01-30T13:01:00.000Z,January 30, 2025,ec7aa86e-b197-464d-8109-08ab2356f15d,73° to 74°,17,17,18,18,43,42,43,42,,,,,,0,5230
2025-01-30T13:01:00.000Z,January 30, 2025,a6212eed-0a0f-46ce-8b70-f36ed60c71fd,75° or above,8,8,10,10,20,19,20,19,,,,,,0,3372
2025-01-31T13:01:00.000Z,January 31, 2025,a69af81b-e31b-4fa4-a447-87d5c7cc6570,66° or below,2,2,2,2,20,7,20,7,2,2,2,2,2,2036,5850
2025-01-31T13:01:00.000Z,January 31, 2025,ad499f56-4048-4d58-a297-9f206d035d50,67° to 68°,2,2,5,5,15,13,15,13,,,,,,0,7634
2025-01-31T13:01:00.000Z,January 31, 2025,f5c075f2-64b6-49ed-8be2-362c54659861,69° to 70°,10,10,17,13,46,22,46,22,,,,,,0,7402
2025-01-31T13:01:00.000Z,January 31, 2025,c64ccdb7-5da6-48c7-a5b7-becc707c616b,71° to 72°,34,34,38,38,45,41,45,41,,,,,,0,3584
2025-01-31T13:01:00.000Z,January 31, 2025,2e5c956f-6f08-4fe2-bc6b-e9150ef74e2a,73° to 74°,28,28,28,28,45,31,45,35,,,,,,0,3986
2025-01-31T13:01:00.000Z,January 31, 2025,20b0d909-323d-4b60-825c-7bfb78dafcaa,75° or above,3,3,3,3,25,5,25,5,3,3,3,3,3,108,3554
2025-02-01T13:01:00.000Z,February 01, 2025,e307ad69-853b-43aa-9ee5-2d1ca8d086ac,67° or below,1,1,1,1,23,5,23,5,,,,,,0,34
2025-02-01T13:01:00.000Z,February 01, 2025,dd6feb8c-4a0f-44dc-a145-7800bcf4fc6c,68° to 69°,1,1,1,1,9,5,9,5,,,,,,0,32
2025-02-01T13:01:00.000Z,February 01, 2025,80720dee-049e-47c7-b00e-f65ed5cf3bf2,70° to 71°,2,2,2,2,11,4,11,4,,,,,,0,632
2025-02-01T13:01:00.000Z,February 01, 2025,546680a1-75e7-4ca1-905f-e7aa2e373cf2,72° to 73°,8,8,8,8,35,10,35,10,,,,,,0,3610
2025-02-01T13:01:00.000Z,February 01, 2025,d01c3a46-e6c8-48b4-be99-fbc45cabf2ef,74° to 75°,41,41,44,44,48,47,48,48,,,,,,0,5622
2025-02-01T13:01:00.000Z,February 01, 2025,59bcc08e-8bd2-4c94-9445-55399fc1bab7,76° or above,31,31,41,40,61,44,61,44,,,,,,0,6632
2025-02-03T12:05:00.000Z,February 03, 2025,1ef8b607-a169-4c5f-b09d-52d8754659e9,73° or below,0,0,0,0,1,1,1,1,,,,,,0,1248
2025-02-02T13:01:00.000Z,February 02, 2025,98fc083f-580d-4209-9606-627b0dc705f1,74° to 75°,1,1,1,1,46,4,46,4,,,,,,0,2216
2025-02-02T13:26:00.000Z,February 02, 2025,1b4774b1-c6a5-44f0-babb-2dffcc551c9f,76° to 77°,4,4,4,4,5,5,6,6,,,,,,0,2352
2025-02-02T13:01:00.000Z,February 02, 2025,ef4a8d48-311d-4b91-9438-ceca16dc7138,78° to 79°,21,21,22,22,35,27,35,27,,,,,,0,6000
2025-02-02T13:01:00.000Z,February 02, 2025,2bf4be7a-3208-4b63-a7f5-300c50920f4b,80° to 81°,40,40,41,41,46,46,46,46,,,,,,0,4670
2025-02-02T13:01:00.000Z,February 02, 2025,c38ef8e0-f91f-4f99-ab77-366e73e4a1d6,82° or above,32,22,32,25,50,31,50,31,32,32,32,32,32,200,7284
2025-02-03T13:01:00.000Z,February 03, 2025,05e5f0c2-467e-4ef8-8804-ca0d1e910aa7,75° or below,2,2,2,2,15,5,15,5,2,2,2,2,2,386,412
2025-02-03T13:01:00.000Z,February 03, 2025,3d2cc287-fa73-4ab4-a3a5-30fa20c7031b,76° to 77°,8,7,8,7,19,8,19,10,8,7,8,7,7,2194,4868
2025-02-03T13:01:00.000Z,February 03, 2025,a377948d-0924-4ced-91ee-1e39a483df82,78° to 79°,20,15,20,15,30,16,30,17,20,15,20,15,18,2714,9516
2025-02-03T13:01:00.000Z,February 03, 2025,f075306f-7ada-4eaf-a3d6-2d2db830c1a3,80° to 81°,28,28,38,33,40,39,40,40,39,38,40,38,38,710,4458
2025-02-03T13:01:00.000Z,February 03, 2025,9474aa70-207f-43e2-a970-c39da314b984,82° to 83°,25,25,36,29,35,34,40,35,34,34,36,36,34,662,7666
2025-02-03T13:01:00.000Z,February 03, 2025,47776d00-4029-4e56-b701-8eea0c022cc1,84° or above,9,9,10,10,17,12,17,13,9,9,9,9,9,386,7338
2025-02-04T13:36:00.000Z,February 04, 2025,13ae24d7-ef7c-49af-aa4a-d58179e1872d,75° or below,1,0,1,0,2,2,2,2,1,1,1,1,1,850,900
2025-02-04T13:01:00.000Z,February 04, 2025,183cd841-1be0-42c9-9805-1bf4f4e6052a,78° to 79°,4,4,4,4,12,5,12,6,4,4,4,4,4,296,3506
2025-02-04T13:01:00.000Z,February 04, 2025,d3f8e459-fb22-4362-af54-2d9792be145a,80° to 81°,21,21,34,33,38,38,38,38,,,,,,0,3376
2025-02-04T13:02:00.000Z,February 04, 2025,bbff1e55-1726-4922-b440-f0364f3e001b,82° to 83°,35,35,35,35,39,38,39,38,,,,,,0,6986
2025-02-04T13:01:00.000Z,February 04, 2025,5adbb9f4-2911-43ff-98b7-88d861ac6b6e,84° or above,26,26,29,26,29,28,46,33,29,28,30,30,29,654,12744
2025-02-05T13:01:00.000Z,February 05, 2025,9071aff1-9dc9-456e-8322-8b0e39462356,75° or below,1,1,1,1,8,6,8,6,,,,,,0,3746
2025-02-05T13:01:00.000Z,February 05, 2025,5af7fe16-f88c-4cf2-8c69-551fc0fef539,76° to 77°,11,11,13,11,22,17,22,17,,,,,,0,3566
2025-02-05T13:01:00.000Z,February 05, 2025,276ff2e2-df9f-446e-b970-fa9c166bd919,78° to 79°,33,33,35,35,36,36,36,36,,,,,,0,1436
2025-02-05T13:01:00.000Z,February 05, 2025,db28b7aa-8f95-4b6c-a168-8d1928740086,80° to 81°,31,31,31,31,40,33,40,35,,,,,,0,3120
2025-02-05T13:01:00.000Z,February 05, 2025,cf0ffc80-2f58-4888-b0a0-28ce89e2a2a4,82° to 83°,10,10,11,11,25,15,25,15,,,,,,0,3114
2025-02-05T13:01:00.000Z,February 05, 2025,479f1352-e2a0-4930-89b8-4632f5b07415,84° or above,3,3,3,3,10,6,10,6,,,,,,0,1780
2025-02-06T13:01:00.000Z,February 06, 2025,6d790504-93ca-4d52-a020-9efb2922b7bc,75° or below,1,1,1,1,16,5,16,5,,,,,,0,4600
2025-02-06T13:01:00.000Z,February 06, 2025,cc52e222-ac58-431e-960a-71f6b198e5ac,76° to 77°,3,3,3,3,46,5,46,5,,,,,,0,3470
2025-02-06T13:01:00.000Z,February 06, 2025,20241a99-eb77-4579-ade7-ca7fdf2b5540,78° to 79°,5,5,8,8,46,12,46,12,,,,,,0,4980
2025-02-06T13:01:00.000Z,February 06, 2025,98821f1e-85a1-46a5-bcba-9c77c1848744,80° to 81°,17,17,18,17,46,20,46,21,,,,,,0,2554
2025-02-06T13:01:00.000Z,February 06, 2025,a98fc7f1-dcfd-4c3c-8ce4-c0d689574074,82° to 83°,30,30,37,37,40,39,40,40,,,,,,0,3800
2025-02-06T13:01:00.000Z,February 06, 2025,59cbb8cf-e18b-41ee-ab32-5aad8ca0b026,84° or above,28,28,29,28,50,32,50,32,,,,,,0,7084
2025-02-07T13:01:00.000Z,February 07, 2025,7b7c3c5d-fe86-41fb-a17b-48dd6a0f572b,77° or below,3,3,3,3,8,4,8,4,,,,,,0,3722
2025-02-07T13:01:00.000Z,February 07, 2025,a897b683-c37d-4cdc-931c-f2b2f0e20230,78° to 79°,12,5,12,5,19,7,19,8,12,5,12,5,9,1080,4574
2025-02-07T13:01:00.000Z,February 07, 2025,dc0a9ee8-cd6a-45ae-975d-c197f165ad59,80° to 81°,22,22,25,22,40,25,40,26,,,,,,0,2462
2025-02-07T13:01:00.000Z,February 07, 2025,011bf00a-bdfa-44e0-881f-91ab0a957696,82° to 83°,30,30,42,42,43,42,43,43,42,42,43,43,42,634,6874
2025-02-07T13:01:00.000Z,February 07, 2025,133b4769-dd3e-4b52-a26c-7ded8e64610a,84° to 85°,14,14,22,21,25,23,25,24,,,,,,0,7948
2025-02-07T13:01:00.000Z,February 07, 2025,71a638e1-e1c0-4e29-b3f9-8c0c78b43d87,86° or above,5,5,5,5,13,8,13,8,,,,,,0,5104
2025-02-08T13:01:00.000Z,February 08, 2025,28180cb3-297c-4201-99eb-2ceaaa6c0715,81° or below,2,2,2,2,7,5,7,5,,,,,,0,892
2025-02-08T13:01:00.000Z,February 08, 2025,90d9fe72-a2f3-4e5b-bbaa-afcb0fdaf0f8,82° to 83°,2,2,2,2,10,4,10,4,,,,,,0,2358
2025-02-08T13:01:00.000Z,February 08, 2025,0676640a-53a8-42e0-bdb7-a4ae7cea6353,84° to 85°,17,15,17,15,35,16,35,16,17,15,17,15,15,738,5742
2025-02-08T13:01:00.000Z,February 08, 2025,f077a96a-16cf-4bd8-b196-b95aad9d0bfb,86° to 87°,35,35,41,40,46,45,46,45,,,,,,0,4274
2025-02-08T13:01:00.000Z,February 08, 2025,eb29dc4b-c7ff-4bd6-bc3f-9c9f05b5faa1,88° to 89°,22,22,38,37,40,40,40,40,,,,,,0,5258
2025-02-08T13:01:00.000Z,February 08, 2025,54c4ef2b-5fb2-48bc-9415-2ad690d2f575,90° or above,6,6,6,6,16,8,16,8,,,,,,0,1600
2025-02-09T13:03:00.000Z,February 09, 2025,1887072e-7ac1-4478-bae2-89b027a8ed18,63° or below,0,0,0,0,1,1,1,1,1,1,1,1,1,186,29448
2025-02-09T13:04:00.000Z,February 09, 2025,61d805bc-b992-4a84-9609-ab57cf4cae5b,64° to 65°,0,0,0,0,1,1,1,1,1,1,1,1,1,186,3004
2025-02-09T13:01:00.000Z,February 09, 2025,950c0e1a-4232-49f1-b5ff-11eaac4e5276,70° to 71°,40,40,90,90,98,98,98,98,,,,,,0,23424
2025-02-09T13:01:00.000Z,February 09, 2025,883b6bff-af7f-40fc-ab75-b050a8639d4c,72° or above,1,1,1,1,9,8,9,8,,,,,,0,15646
2025-02-10T13:01:00.000Z,February 10, 2025,1b712bd0-9b95-4b87-aa12-57e8e4d36f01,54° or below,5,5,13,13,30,17,30,17,,,,,,0,7296
2025-02-10T13:01:00.000Z,February 10, 2025,e4513f68-a693-4197-a1f2-95f381d31b62,55° to 56°,22,22,26,26,58,32,58,32,,,,,,0,4746
2025-02-10T13:01:00.000Z,February 10, 2025,96b5f452-c194-4360-aa05-b7d994151880,57° to 58°,32,32,37,36,43,41,43,42,,,,,,0,3302
2025-02-10T13:01:00.000Z,February 10, 2025,0582e027-c8fa-42c7-a5bf-8a04d049eaf7,59° to 60°,8,8,13,12,43,14,43,15,,,,,,0,1948
2025-02-10T13:01:00.000Z,February 10, 2025,10d70290-49f3-4b29-b3b6-2960405a3d6c,61° to 62°,6,6,6,6,54,7,54,7,,,,,,0,3290
2025-02-10T13:01:00.000Z,February 10, 2025,5a9a4a72-04ab-4e8f-823d-9337e26e437c,63° or above,5,5,5,5,8,7,8,7,5,5,5,5,5,50,5080
2025-02-11T13:01:00.000Z,February 11, 2025,c3fbb1e3-5787-424b-8db1-f3cdf00bb466,58° or below,73,24,73,25,85,33,85,33,73,24,73,24,67,3274,9174
2025-02-11T13:01:00.000Z,February 11, 2025,60437a42-cda2-4689-9aec-7d129bd8bb98,59° to 60°,20,20,41,39,65,26,65,42,27,20,41,29,29,1598,2348
2025-02-11T13:01:00.000Z,February 11, 2025,b1aa70f2-6589-48dc-852d-8810446396cc,61° to 62°,3,3,23,18,9,8,24,23,9,3,23,19,17,1026,2854
2025-02-11T13:01:00.000Z,February 11, 2025,6c589af1-4d6e-45b2-b00b-9451370be6b4,63° to 64°,2,2,2,2,6,6,6,6,2,2,6,2,2,780,2522
2025-02-11T13:01:00.000Z,February 11, 2025,cf312b05-cc61-4f10-bdb8-642677c302f9,65° to 66°,1,1,1,1,6,5,6,5,1,1,6,1,1,780,2390
2025-02-11T13:01:00.000Z,February 11, 2025,6eda1412-db5a-4e22-a583-3ffda78b97bc,67° or above,1,0,1,0,2,1,5,1,1,1,5,1,3,240,2530
2025-02-12T13:01:00.000Z,February 12, 2025,15e8837b-5d36-4ecc-ae8a-bcbb1df9a930,75° or below,75,75,94,92,84,83,95,95,84,83,95,94,91,1104,18512
2025-02-12T13:01:00.000Z,February 12, 2025,f033b605-8ef8-4ca0-831c-032cd54a34e4,76° to 77°,17,2,17,2,39,5,39,5,17,2,17,2,7,1160,5364
2025-02-12T13:01:00.000Z,February 12, 2025,2357dd3e-790f-4e3e-87b8-24b898e9ac5d,78° to 79°,4,3,4,3,13,5,13,5,4,4,4,4,4,400,5720
2025-02-12T13:01:00.000Z,February 12, 2025,974bf79f-f4ed-4104-ac3e-960f75cfa67f,80° to 81°,2,2,2,2,42,5,42,5,2,2,2,2,2,400,3214
2025-02-12T13:01:00.000Z,February 12, 2025,e7141d82-8328-4995-bc61-007bd5acae89,82° to 83°,0,0,0,0,8,5,8,5,,,,,,0,1902
2025-02-12T13:01:00.000Z,February 12, 2025,24c6dd13-a6b8-4e95-af57-086596c90ac0,84° or above,0,0,0,0,12,5,12,5,,,,,,0,540
2025-02-13T13:00:00.000Z,February 13, 2025,a58d8369-c11f-49ca-b5e1-ebc4c5db76b9,43° or below,23,21,23,21,27,27,27,27,,,,,,0,10170
2025-02-13T13:01:00.000Z,February 13, 2025,90619582-7a42-48d0-b4b9-fa341468d0ea,44° to 45°,29,29,33,33,40,37,40,37,,,,,,0,3888
2025-02-13T13:01:00.000Z,February 13, 2025,bf84633e-1ecd-4ff2-8739-1c19c7682362,46° to 47°,16,16,31,29,43,34,43,34,,,,,,0,3652
2025-02-13T13:01:00.000Z,February 13, 2025,8e6b98ea-3b5a-43d7-b2a4-51ba713ff5ee,48° to 49°,8,8,11,11,36,17,36,17,,,,,,0,4326
2025-02-13T13:01:00.000Z,February 13, 2025,ffd7ec00-013c-40b8-9383-99c9ef79feee,50° to 51°,2,2,2,2,5,4,5,4,,,,,,0,872
2025-02-13T13:01:00.000Z,February 13, 2025,31f4ebb4-d60d-4b38-ae59-748f858351d9,52° or above,1,1,1,1,9,5,9,5,,,,,,0,1114
2025-02-14T13:01:00.000Z,February 14, 2025,7be6ab40-b738-40e3-bd86-97c32aec358b,48° or below,5,2,5,2,9,5,9,5,5,5,5,5,5,174,2140
2025-02-14T13:01:00.000Z,February 14, 2025,9b5641f5-ded2-410d-aa32-0de00ec3761c,49° to 50°,22,22,24,24,25,25,25,25,,,,,,0,2624
2025-02-14T13:01:00.000Z,February 14, 2025,20fcae7f-27f8-46ec-8611-1491fc901e45,51° to 52°,37,37,41,40,45,42,45,42,,,,,,0,2730
2025-02-14T13:01:00.000Z,February 14, 2025,f3a3b85a-cf1e-4fdb-9e7c-95b6dbc5aac3,53° to 54°,20,20,20,20,35,22,35,22,,,,,,0,2954
2025-02-14T13:01:00.000Z,February 14, 2025,48c83d2c-04d5-4c75-b623-db9d069649f0,55° to 56°,8,8,8,8,12,9,12,9,8,8,10,10,9,240,1706
2025-02-14T13:02:00.000Z,February 14, 2025,7541eaed-4c8f-47ef-b69c-2b25d4562592,57° or above,2,2,2,2,8,7,8,7,,,,,,0,1842
2025-02-15T13:01:00.000Z,February 15, 2025,5e05d83b-ed32-43c1-a989-37c961be4940,71° or below,11,11,11,11,45,13,45,13,,,,,,0,4622
2025-02-15T13:01:00.000Z,February 15, 2025,f5202e48-417b-4694-b362-c8ac665401d5,72° to 73°,20,20,21,20,36,24,36,25,,,,,,0,1670
2025-02-15T13:01:00.000Z,February 15, 2025,6cbdd1bf-9d53-4674-91aa-802e34a908cd,74° to 75°,3,3,35,35,39,39,39,39,,,,,,0,1394
2025-02-15T13:01:00.000Z,February 15, 2025,0ffbdd58-6ee0-4661-9998-f011689aaf63,76° to 77°,15,15,23,23,29,29,29,29,,,,,,0,4006
2025-02-15T13:01:00.000Z,February 15, 2025,908eb0c5-1009-4837-a2c7-a1b255a5b8ed,78° to 79°,2,2,2,2,10,8,10,8,,,,,,0,1616
2025-02-15T12:01:00.000Z,February 15, 2025,2fdc5d5e-a04a-4afa-b212-d8fdc1c82725,80° or above,3,1,3,1,4,4,4,4,,,,,,0,1568
2025-02-16T13:01:00.000Z,February 16, 2025,31341093-8dea-48f6-8f10-2ddde4d17c0e,50° to 51°,4,4,6,6,45,11,45,11,,,,,,0,7094
2025-02-16T13:01:00.000Z,February 16, 2025,ef11ae8c-1c60-4762-a6e0-42776635647f,52° to 53°,15,15,28,27,44,31,44,32,,,,,,0,11062
2025-02-16T13:01:00.000Z,February 16, 2025,d5ac749f-5711-4ae9-8ad6-23af5f82e86b,54° to 55°,24,24,38,38,40,40,40,40,,,,,,0,12414
2025-02-16T13:01:00.000Z,February 16, 2025,f5ae2a95-19c5-4cdf-94e7-a7a4504d7c15,56° to 57°,11,11,13,13,45,18,45,18,,,,,,0,4376
2025-02-16T13:04:00.000Z,February 16, 2025,489136c9-4fc5-4abd-b5aa-3085359c5b01,58° or above,4,4,4,4,9,8,9,9,,,,,,0,11654
2025-02-17T13:01:00.000Z,February 17, 2025,07f94554-631f-4328-912c-17fdc1f4f1b5,58° or below,3,3,3,3,10,8,10,8,,,,,,0,2404
2025-02-17T13:01:00.000Z,February 17, 2025,64176209-be08-42e9-92bd-09bec1e99767,59° to 60°,8,8,9,9,45,10,45,10,,,,,,0,3640
2025-02-17T13:01:00.000Z,February 17, 2025,25385e92-8584-4afc-8997-7ae88dde6819,61° to 62°,30,30,36,36,41,39,41,40,,,,,,0,3542
2025-02-17T13:07:00.000Z,February 17, 2025,4b4fd7dd-d5d0-417c-adc8-2adabb1eda5b,63° to 64°,39,39,40,40,40,40,44,44,40,40,40,40,40,50,3460
2025-02-17T13:01:00.000Z,February 17, 2025,59feaa5c-dc36-4638-839d-91cdc401470d,65° to 66°,6,6,7,7,45,12,45,12,,,,,,0,1040
2025-02-17T13:01:00.000Z,February 17, 2025,5bbd4d10-f519-4f5c-b515-3bc66f66e296,67° or above,2,2,2,2,6,4,6,4,,,,,,0,758
2025-02-18T13:01:00.000Z,February 18, 2025,29d98e7f-50e8-4300-8b75-417fd494425d,60° or below,2,2,2,2,24,4,24,4,,,,,,0,2704
2025-02-18T13:01:00.000Z,February 18, 2025,d7c0d9ff-7f9f-4f1f-b141-71c7dee4ca05,61° to 62°,8,8,18,18,35,23,35,23,,,,,,0,4092
2025-02-18T13:01:00.000Z,February 18, 2025,beeb6e64-d822-49da-ab7f-2e5c6fde8503,63° to 64°,20,20,39,37,37,36,45,41,36,36,37,37,36,110,3662
2025-02-18T13:01:00.000Z,February 18, 2025,d8d4c250-abd0-4a20-8e12-6e8bbb7c6d2b,65° to 66°,20,20,22,22,45,26,45,26,,,,,,0,4428
2025-02-18T13:01:00.000Z,February 18, 2025,6bce7f25-9c26-4281-9eb8-4b5453bb331f,67° to 68°,4,4,9,9,30,15,30,15,,,,,,0,7710
2025-02-18T13:01:00.000Z,February 18, 2025,b409acfd-aa3f-4087-9e94-5daa76a5ce93,69° or above,4,4,5,5,10,7,10,7,,,,,,0,12030
2025-02-19T13:01:00.000Z,February 19, 2025,e58c0c68-8bf4-4a37-82f3-f68623410e2c,35° or below,50,47,65,65,73,69,73,69,72,72,72,72,72,46,30798
2025-02-19T13:01:00.000Z,February 19, 2025,a082f49f-8efa-4889-a372-6b2ce1ef3509,36° to 37°,13,13,14,14,45,15,45,15,,,,,,0,5578
2025-02-19T13:01:00.000Z,February 19, 2025,e2575a1e-e07d-48f8-bd53-63997d17bcf4,38° to 39°,10,10,10,10,17,12,17,12,12,12,12,12,12,32,9404
2025-02-19T13:01:00.000Z,February 19, 2025,337a1181-0539-4adb-9137-3f6201e1f9e7,40° to 41°,7,2,7,7,10,10,10,10,7,2,7,2,6,1068,10948
2025-02-19T13:01:00.000Z,February 19, 2025,414cd6a6-f664-4fe6-8b87-14329707cdbd,42° to 43°,2,2,2,2,46,5,46,5,,,,,,0,2394
2025-02-19T13:01:00.000Z,February 19, 2025,4628c041-9605-4c76-8765-4fe467b82582,44° or above,1,1,1,1,7,4,7,4,,,,,,0,4546
2025-02-20T13:01:00.000Z,February 20, 2025,6099bccf-f044-433a-a4d5-def04d33756c,35° or below,21,17,22,17,33,18,33,18,33,17,33,17,18,2232,8880
2025-02-20T13:01:00.000Z,February 20, 2025,3d997d11-c4db-4cf4-af7f-5d22986debf9,36° to 37°,28,28,35,32,46,37,46,37,,,,,,0,4262
2025-02-20T13:01:00.000Z,February 20, 2025,fc345b52-d973-4492-91b7-f2da488d55a8,38° to 39°,15,15,35,34,40,32,40,36,32,32,33,33,32,54,4030
2025-02-20T13:01:00.000Z,February 20, 2025,9b2fe42e-9e54-45c4-9019-d78372b7f93a,40° to 41°,11,11,11,11,15,15,19,18,15,15,17,17,16,564,8310
2025-02-20T13:01:00.000Z,February 20, 2025,9c4955c5-0f01-4f9f-bcf1-0c9cd6c52d6a,42° to 43°,2,2,3,3,23,7,23,7,,,,,,0,1400
2025-02-20T13:01:00.000Z,February 20, 2025,1f567794-a966-4e51-a604-7526790c90d0,44° or above,3,3,3,3,6,5,6,5,,,,,,0,1254
2025-02-22T15:07:00.000Z,February 22, 2025,da238c0a-eef7-4f34-a22e-c4ac29696fe9,31° or below,0,0,0,0,1,1,1,1,,,,,,0,1606
2025-02-21T13:20:00.000Z,February 21, 2025,abcd668b-be40-4071-b949-1e3bb2ad5456,32° to 33°,3,3,3,3,7,7,7,7,3,3,3,3,3,106,640
2025-02-21T13:01:00.000Z,February 21, 2025,e8d8b603-6f28-456e-95f7-2bbd59cdab7b,34° to 35°,32,32,32,32,37,35,37,35,,,,,,0,3146
2025-02-21T13:01:00.000Z,February 21, 2025,47d39a24-0d05-4127-b035-faa9f8098419,36° to 37°,43,43,43,43,48,48,51,50,48,48,51,51,48,200,2296
2025-02-21T13:01:00.000Z,February 21, 2025,c85de1fc-848f-459d-b491-fe30c951ff24,38° to 39°,12,12,13,12,46,28,46,28,13,12,13,12,12,226,3032
2025-02-21T13:01:00.000Z,February 21, 2025,0be4dc3a-ccde-438d-8264-85c69b2839ff,40° or above,2,2,3,3,13,12,13,12,,,,,,0,3376
2025-02-22T13:01:00.000Z,February 22, 2025,9fc8954a-7690-4ea1-8c70-05620ccba20a,37° or below,4,4,4,4,24,11,24,11,,,,,,0,612
2025-02-22T13:01:00.000Z,February 22, 2025,c1f175d2-e939-4dad-ba53-e0ead1560bf2,38° to 39°,20,20,20,20,34,25,34,25,,,,,,0,2328
2025-02-22T13:01:00.000Z,February 22, 2025,b1dafabb-3297-4a1f-bd31-6fcd18a61db3,40° to 41°,32,32,32,32,45,41,45,41,,,,,,0,4488
2025-02-22T13:01:00.000Z,February 22, 2025,3d37e44e-d274-453b-a654-6818710aa5cd,42° to 43°,16,16,17,17,41,40,41,40,,,,,,0,2116
2025-02-22T13:01:00.000Z,February 22, 2025,b4fdef37-fde3-41e9-91a1-4128d26fa250,44° to 45°,8,8,9,9,42,33,42,35,,,,,,0,1542
2025-02-22T13:01:00.000Z,February 22, 2025,eb9504bb-b7aa-410f-9d44-ca093318f074,46° or above,3,3,3,3,10,10,10,10,3,3,3,3,3,398,1034
2025-02-23T13:01:00.000Z,February 23, 2025,650a3966-057f-47cf-8ffe-7df62f6661fb,56° or below,1,1,1,1,4,3,4,3,,,,,,0,112
2025-02-23T13:03:00.000Z,February 23, 2025,4a9e247b-4a30-4e14-b56e-f32f126df471,57° to 58°,4,4,5,5,14,13,14,13,,,,,,0,1410
2025-02-23T13:03:00.000Z,February 23, 2025,80011785-4581-42ff-9ffc-86d04135fe04,59° to 60°,10,10,11,11,25,25,25,25,,,,,,0,1790
2025-02-23T13:03:00.000Z,February 23, 2025,dd345e2b-d6a0-4f89-91ae-57d76bb44cf4,61° to 62°,24,24,24,24,32,31,32,31,,,,,,0,1802
2025-02-23T13:03:00.000Z,February 23, 2025,b8e7cd4a-bdc5-4522-8443-3b5b1ff7ec1b,63° to 64°,35,35,36,36,45,44,45,44,,,,,,0,2428
2025-02-23T13:01:00.000Z,February 23, 2025,b5808219-c8b5-455d-864d-25fc3aa33ec5,65° or above,18,18,20,20,36,36,36,36,,,,,,0,2984
2025-02-24T13:01:00.000Z,February 24, 2025,7e9ce5ce-0d1d-4180-a630-d2abafd8715e,67° or below,1,1,1,1,5,4,5,4,,,,,,0,56
2025-02-24T13:01:00.000Z,February 24, 2025,54b26575-48ec-4f34-a053-88e096f1db79,68° to 69°,3,2,3,2,5,5,5,5,3,3,3,3,3,8,2220
2025-02-24T13:01:00.000Z,February 24, 2025,3cd172dc-8c85-48a2-b045-4e72d3b74f18,70° to 71°,4,4,12,4,9,9,15,15,9,9,12,12,10,148,1246
2025-02-24T13:01:00.000Z,February 24, 2025,59a5b103-93df-40f8-9069-99431cef3889,72° to 73°,16,16,27,16,22,22,32,32,22,22,26,26,24,2396,4408
2025-02-24T13:01:00.000Z,February 24, 2025,555bf7c2-f5ab-4d99-98e2-881478cda4c4,74° to 75°,38,36,41,41,41,37,42,42,38,38,41,41,38,74,2930
2025-02-24T13:01:00.000Z,February 24, 2025,3e678213-8cbb-4a24-89c1-5d35aac61f3e,76° or above,24,9,24,10,29,14,29,29,24,15,24,16,16,704,4838
2025-02-25T13:01:00.000Z,February 25, 2025,e888fb22-fcd8-452d-9484-54b0c337dc6f,70° or below,1,1,1,1,5,4,5,4,,,,,,0,1024
2025-02-25T13:01:00.000Z,February 25, 2025,4c8b6fd6-cfea-4447-92a2-14b69715af56,71° to 72°,2,2,2,2,8,4,8,4,,,,,,0,2636
2025-02-25T13:01:00.000Z,February 25, 2025,f2569eb5-c377-472f-9347-ff9e7886d0eb,73° to 74°,8,8,8,8,19,9,19,9,8,8,8,8,8,254,3970
2025-02-25T13:01:00.000Z,February 25, 2025,e068de3d-cf5b-4217-8669-0a5d8e8cceb0,75° to 76°,14,14,37,37,43,42,43,42,,,,,,0,2078
2025-02-25T13:01:00.000Z,February 25, 2025,b6f46289-c1bd-457f-9dfa-63c7c1bc6e99,77° to 78°,33,33,37,36,45,42,45,42,,,,,,0,7166
2025-02-25T13:01:00.000Z,February 25, 2025,cde090f9-1823-48fc-8f29-46ae971588b8,79° or above,4,4,12,12,38,19,38,19,,,,,,0,6176
2025-02-26T13:09:00.000Z,February 26, 2025,f89ca220-b335-4a67-9149-4b707c8e9ee5,72° or below,1,1,1,1,4,3,4,3,,,,,,0,20
2025-02-26T13:01:00.000Z,February 26, 2025,ab12f106-3022-478f-8872-7fb575938323,73° to 74°,1,1,1,1,6,4,6,4,,,,,,0,1544
2025-02-26T13:01:00.000Z,February 26, 2025,58fac812-4602-49de-9bbb-68b635a77097,75° to 76°,5,5,5,5,8,6,8,6,,,,,,0,6378
2025-02-26T13:01:00.000Z,February 26, 2025,65d35df7-a6e6-4d4c-843d-43210e7e3558,77° to 78°,15,11,24,11,25,25,25,25,24,11,24,11,17,2676,9556
2025-02-26T13:01:00.000Z,February 26, 2025,657c0db8-a554-4a04-8fda-3c9d5dc6ef38,79° to 80°,36,36,36,36,45,39,45,40,,,,,,0,13032
2025-02-26T13:01:00.000Z,February 26, 2025,b1ba4157-f657-48b3-8a9b-e803c3e6a7bc,81° or above,33,33,39,33,39,35,40,35,39,39,39,39,39,700,14504
2025-02-27T13:01:00.000Z,February 27, 2025,03f17a7e-bf97-47d2-812e-a852739aa87c,61° or below,1,0,1,0,3,1,3,1,1,1,1,1,1,200,550
2025-02-27T13:24:00.000Z,February 27, 2025,700b5e9a-c730-4cb0-90a7-8e4f802e0bfd,62° to 63°,1,1,1,1,5,4,5,4,,,,,,0,30
2025-02-27T13:01:00.000Z,February 27, 2025,95c7d3b6-56e5-4bff-8d27-1b575d5bb7ae,64° to 65°,2,2,2,2,7,7,7,7,7,7,7,7,7,6,2182
2025-02-27T13:01:00.000Z,February 27, 2025,375aea01-b4fc-443b-b2c1-a5525287cac0,66° to 67°,4,4,17,15,30,23,30,23,,,,,,0,7520
2025-02-27T13:01:00.000Z,February 27, 2025,02a09b4f-9f48-4103-9d26-5ec4da409ef3,68° to 69°,12,12,37,37,45,42,45,42,,,,,,0,3410
2025-02-27T13:01:00.000Z,February 27, 2025,0f4234e2-5275-483b-9417-1216b9c1a1d6,70° or above,30,30,33,33,67,40,67,41,,,,,,0,9084
2025-02-28T13:03:00.000Z,February 28, 2025,8878623f-7962-4952-bb87-36e9ccdb3657,70° to 71°,1,1,1,1,4,4,4,4,1,1,1,1,1,698,2652
2025-02-28T13:01:00.000Z,February 28, 2025,6b4ed577-d3c0-4dcc-a344-c8c35cac0332,72° to 73°,8,8,8,8,15,9,15,9,8,8,8,8,8,340,7436
2025-02-28T13:01:00.000Z,February 28, 2025,6f3f6491-c97f-48bf-85d3-3e6485653e30,74° to 75°,23,23,23,23,35,28,35,28,,,,,,0,4490
2025-02-28T13:01:00.000Z,February 28, 2025,b1b70f96-137e-4be1-889d-81770e73d55a,76° or above,55,55,67,66,73,71,73,71,,,,,,0,13336
2025-03-01T13:19:00.000Z,March 01, 2025,5c1acc25-64dc-45e9-9724-6a297f0bfeaa,76° or below,1,1,1,1,5,4,5,4,,,,,,0,40
2025-03-01T13:19:00.000Z,March 01, 2025,0b9691e8-d926-4c5e-895d-205c25bc5589,77° to 78°,1,1,1,1,3,2,3,2,,,,,,0,0
2025-03-01T13:01:00.000Z,March 01, 2025,1749d64d-1353-43b7-97d0-66847364b63f,79° to 80°,1,1,1,1,10,4,10,4,,,,,,0,674
2025-03-01T13:01:00.000Z,March 01, 2025,f0da6ce9-1fb7-48b0-93ac-55fdbcea9c22,81° to 82°,12,12,21,21,21,21,22,22,21,21,21,21,21,50,5630
2025-03-01T13:01:00.000Z,March 01, 2025,152e41b8-9d66-4799-887b-7817eab45cf2,83° to 84°,40,40,43,43,50,49,50,49,,,,,,0,3212
2025-03-01T13:01:00.000Z,March 01, 2025,831fae39-ee6b-4391-9328-3ed35c3f2d1c,85° or above,29,29,30,30,44,33,44,33,,,,,,0,5890
